Workbook

Sheet Ex.excel01
A1: Tabela de Produtos da Cafeteria
A2: ID_Produto | B2: Tipo_de_Cafe | C2: Tamanho | D2: Valor_Unitario | E2: Quantidade
A3: 2 | B3: Ara | C3: G | D3: 29.79 | E3: 20
A4: 1 | B4: Ara | C4: G | D4: 3.89 | E4: 10
A5: 3 | B5: Lib | C5: M | D5: 3.38 | E5: 30
A6: 4 | B6: Rob | C6: P | D6: 13.43 | E6: 40

Sheet Ex.excel02
A1: Falidos e Quebrados LTDA.
A2: FUNCIONARIO | B2: PRODUTO | C2: VENDAS | D2: RESULTADO
A3: Abrilina | B3: Mouse | C3: 8 | D3: {=_xlfn.IFS(Tabela2[[#This Row],[VENDAS]]>5,"Ótimo",Tabela2[[#This Row],[VENDAS]]<5,"Péssimo",Tabela2[[#This Row],[VENDAS]]=5,"Regular")} -> Ótimo
A4: Cheropita | B4: Teclado | C4: 5 | D4: {=_xlfn.IFS(Tabela2[[#This Row],[VENDAS]]>5,"Ótimo",Tabela2[[#This Row],[VENDAS]]<5,"Péssimo",Tabela2[[#This Row],[VENDAS]]=5,"Regular")} -> Regular
A5: Aldegunda | B5: Monitor | C5: 9 | D5: {=_xlfn.IFS(Tabela2[[#This Row],[VENDAS]]>5,"Ótimo",Tabela2[[#This Row],[VENDAS]]<5,"Péssimo",Tabela2[[#This Row],[VENDAS]]=5,"Regular")} -> Ótimo
A6: Arquibaldo | B6: Gabinete | C6: 4 | D6: {=_xlfn.IFS(Tabela2[[#This Row],[VENDAS]]>5,"Ótimo",Tabela2[[#This Row],[VENDAS]]<5,"Péssimo",Tabela2[[#This Row],[VENDAS]]=5,"Regular")} -> Péssimo
A7: Clarisbadeu | B7: Disquete | C7: 6 | D7: {=_xlfn.IFS(Tabela2[[#This Row],[VENDAS]]>5,"Ótimo",Tabela2[[#This Row],[VENDAS]]<5,"Péssimo",Tabela2[[#This Row],[VENDAS]]=5,"Regular")} -> Ótimo
A8: Fredolino | B8: Impressora | C8: 3 | D8: {=_xlfn.IFS(Tabela2[[#This Row],[VENDAS]]>5,"Ótimo",Tabela2[[#This Row],[VENDAS]]<5,"Péssimo",Tabela2[[#This Row],[VENDAS]]=5,"Regular")} -> Péssimo

Sheet Ex.excel03
A1: Notas Escolares
A2: RA | B2: Nome de Aluno | C2: Nota 1 Trimestre | D2: Nota 2 Trimestre | E2: Nota 3 Trimestre | F2: Média final | G2: Resultado
A3: 2001 | B3: Astro | C3: 5 | D3: 6 | E3: 8 | F3: =AVERAGE(Tabela3[[#This Row],[Nota 1 Trimestre]:[Nota 3 Trimestre]]) -> 6.3333333 | G3: =IF(Tabela3[[#This Row],[Média final]]>6,"Aprovado","Reprovado") -> Aprovado
A4: 2002 | B4: Celeste | C4: 10 | D4: 7 | E4: 8 | F4: =AVERAGE(Tabela3[[#This Row],[Nota 1 Trimestre]:[Nota 3 Trimestre]]) -> 8.3333333 | G4: =IF(Tabela3[[#This Row],[Média final]]>6,"Aprovado","Reprovado") -> Aprovado
A5: 2003 | B5: Elvira | C5: 5 | D5: 2 | E5: 8 | F5: =AVERAGE(Tabela3[[#This Row],[Nota 1 Trimestre]:[Nota 3 Trimestre]]) -> 5 | G5: =IF(Tabela3[[#This Row],[Média final]]>6,"Aprovado","Reprovado") -> Reprovado
A6: 2004 | B6: Homer | C6: 2 | D6: 1 | E6: 3 | F6: =AVERAGE(Tabela3[[#This Row],[Nota 1 Trimestre]:[Nota 3 Trimestre]]) -> 2 | G6: =IF(Tabela3[[#This Row],[Média final]]>6,"Aprovado","Reprovado") -> Reprovado
A7: 2005 | B7: Chevrolet da Silva | C7: 4 | D7: 7 | E7: 8 | F7: =AVERAGE(Tabela3[[#This Row],[Nota 1 Trimestre]:[Nota 3 Trimestre]]) -> 6.3333333 | G7: =IF(Tabela3[[#This Row],[Média final]]>6,"Aprovado","Reprovado") -> Aprovado

Sheet Ex.excel04
A1: Recrutamento para vaga de emprego
A2: Nome | B2: Idade | C2: Ensino Médio | D2: Curso técnico | E2: Anos de experiência na área | F2: Situação
A3: Alfa Romeu Julia | B3: 17 | C3: Não | D3: Sim | E3: 1 | F3: =IF(AND(Tabela4[[#This Row],[Idade]]>=18,Tabela4[[#This Row],[Ensino Médio]]="Sim",Tabela4[[#This Row],[Curso técnico ]]="Sim",Tabela4[[#This Row],[Anos de experiência na área]]>=3)=TRUE,"Apto","Não Apto") -> Não Apto
A4: Fusclaudia de Oliveira | B4: 24 | C4: Sim | D4: Sim | E4: 3 | F4: =IF(AND(Tabela4[[#This Row],[Idade]]>=18,Tabela4[[#This Row],[Ensino Médio]]="Sim",Tabela4[[#This Row],[Curso técnico ]]="Sim",Tabela4[[#This Row],[Anos de experiência na área]]>=3)=TRUE,"Apto","Não Apto") -> Apto
A5: Unotavio do Santos | B5: 28 | C5: Sim | D5: Sim | E5: 4 | F5: =IF(AND(Tabela4[[#This Row],[Idade]]>=18,Tabela4[[#This Row],[Ensino Médio]]="Sim",Tabela4[[#This Row],[Curso técnico ]]="Sim",Tabela4[[#This Row],[Anos de experiência na área]]>=3)=TRUE,"Apto","Não Apto") -> Apto
A6: Nissan Silvia | B6: 18 | C6: Sim | D6: Não | E6: 1 | F6: =IF(AND(Tabela4[[#This Row],[Idade]]>=18,Tabela4[[#This Row],[Ensino Médio]]="Sim",Tabela4[[#This Row],[Curso técnico ]]="Sim",Tabela4[[#This Row],[Anos de experiência na área]]>=3)=TRUE,"Apto","Não Apto") -> Não Apto
A7: Ferrari Enzo | B7: 22 | C7: Sim | D7: Sim | E7: 2 | F7: =IF(AND(Tabela4[[#This Row],[Idade]]>=18,Tabela4[[#This Row],[Ensino Médio]]="Sim",Tabela4[[#This Row],[Curso técnico ]]="Sim",Tabela4[[#This Row],[Anos de experiência na área]]>=3)=TRUE,"Apto","Não Apto") -> Não Apto
A9: Requisitos para ser contratado
A10: Ter idade maior ou igual a 18 anos
A11: Ter ensino médio completo
A12: Ter curso de vendedor
A13: Ter no mínimo 3 anos de experiência na área

Sheet Base_Dirty (2)
A1: status | B1: nome | C1: cpf | D1: cpfclean | E1: idade | F1: data_nascimento | G1: cidade | H1: regiao | I1: renda_mensal | J1: credito_tomado | K1: flag_inadimplente | L1: qtde_batalhas | M1: nivel_risco | N1: flag_inadimplente2 | O1: valor_solicitado
A2: Ativo | B2: Ellaria Baelish | C2: 000.000.336-00 | D2: =TEXT(TabelaDirty[[#This Row],[cpf]],"000\.000\.000\-00") -> 000.000.336-00 | E2: 32 | F2: 34347 | G2: Ninho da Águia | H2: Vale | I2: 15600 | J2: 0 | K2: Sim | L2: 34 | N2: Sim | O2: 16000
A3: Inativo | B3: Stannis Lannister | C3: 36100 | D3: =TEXT(TabelaDirty[[#This Row],[cpf]],"000\.000\.000\-00") -> 000.000.361-00 | E3: 24 | F3: 37313 | G3: Ponta Tempestade | H3: Terras da Tempestade | I3: 11000 moedas | J3: =PROCX(TabelaClean[@cpf];'Base_Dirty (2)'!D1:D7 | K3: Sim | L3: 33 | N3: Sim | O3: 26000
A4: Ativo | B4: Asha Hornwood | C4: 000.000.363-00 | D4: =TEXT(TabelaDirty[[#This Row],[cpf]],"000\.000\.000\-00") -> 000.000.363-00 | E4: 33 | F4: 34144 | G4: Pedra do Dragão | H4: Terras da Coroa | I4: 21500 moedas | J4: N/A | K4: não | L4: 22 | N4: não | O4: 51500
A5: Ativo | B5: Jorah Dondarrion | C5: 000.000.210-00 | D5: =TEXT(TabelaDirty[[#This Row],[cpf]],"000\.000\.000\-00") -> 000.000.210-00 | E5: 63 | F5: 23156 | G5: Pyke | Ilhas de Ferro | I5: 10400 moedas | J5: 8500 | K5: não | L5: 39 | N5: não | O5: 36500
A6: Ativo | B6: Jojen Florent | C6: 000.000.321-00 | D6: =TEXT(TabelaDirty[[#This Row],[cpf]],"000\.000\.000\-00") -> 000.000.321-00 | E6: 32 | F6: 34299 | G6: Ninho da Águia | H6: vale | I6: 30000 | K6: Não | L6: 5 | N6: Não | O6: 65000
A7: Ativo | B7: Olenna Baelish | C7: 000.000.191-00 | D7: =TEXT(TabelaDirty[[#This Row],[cpf]],"000\.000\.000\-00") -> 000.000.191-00 | E7: 48 | F7: 28647 | G7: Lannisporto | I7: 13200 | J7: 3500 moedas | K7: Não | L7: 1 | N7: Não | O7: 32500
A8: ATIVO | B8: Brienne Manderly | C8: 000.000.076-00 | D8: =TEXT(TabelaDirty[[#This Row],[cpf]],"000\.000\.000\-00") -> 000.000.076-00 | E8: 28 | F8: 35830 | G8: Lannisporto | H8: Oeste | I8: 8600 moedas | J8: 19000 | K8: Sim | L8: 4 | N8: Sim | O8: 32500
A9: Inativo | B9: yara targaryen | C9: 000.000.059-00 | D9: =TEXT(TabelaDirty[[#This Row],[cpf]],"000\.000\.000\-00") -> 000.000.059-00 | E9: 42 | F9: 30810 | G9: Pyke | H9: Ilhas De Ferro | I9: 18200 moedas | J9: 31000 moedas | K9: Não | L9: 19 | N9: Não | O9: 63500
A10: Ativo | B10: Margaery Tarly | C10: 000.000.274-00 | D10: =TEXT(TabelaDirty[[#This Row],[cpf]],"000\.000\.000\-00") -> 000.000.274-00 | E10: 34 | F10: 33624 | G10: Pyke | H10: ilhas de ferro | I10: 8000 | J10: 14500 | K10: Sim | L10: 9 | N10: Sim | O10: 17500
A11: Inativo | B11: Viserys Seaworth | C11: 000.000.024-00 | D11: =TEXT(TabelaDirty[[#This Row],[cpf]],"000\.000\.000\-00") -> 000.000.024-00 | E11: 61 | F11: 23667 | G11: Meereen | H11: Essos | I11: 23000 moedas | J11: 44500 | K11: Sim | L11: 32 | N11: Sim | O11: 2000
A12: Ativo | B12: Tormund Cerwyn | C12: 000.000.039-00 | D12: =TEXT(TabelaDirty[[#This Row],[cpf]],"000\.000\.000\-00") -> 000.000.039-00 | E12: 33 | F12: 34147 | G12: Meereen | H12: Essos | I12: 28700 | J12: 12500 | K12: Não | L12: 41 | N12: Não | O12: 99500
A13: Ativo | B13: catelyn westerling | C13: 35800 | D13: =TEXT(TabelaDirty[[#This Row],[cpf]],"000\.000\.000\-00") -> 000.000.358-00 | E13: 70 | F13: 20515 | G13: Braavos | H13: Essos | I13: 19500 moedas | J13: 62000 | K13: Sim | L13: 45 | N13: Sim | O13: 35500
A14: Ativo | B14: Robb Baratheon | C14: 000.000.365-00 | D14: =TEXT(TabelaDirty[[#This Row],[cpf]],"000\.000\.000\-00") -> 000.000.365-00 | E14: 54 | F14: 26382 | G14: Ponta Tempestade | H14: Terras da Tempestade | I14: 22100 | J14: 37000 | K14: Não | L14: 34 | N14: Não | O14: 87000
A15: Ativo | B15: Asha Tallhart | C15: 8600 | D15: =TEXT(TabelaDirty[[#This Row],[cpf]],"000\.000\.000\-00") -> 000.000.086-00 | F15: 32260 | G15: Pyke | H15: Ilhas de Ferro | I15: 17600 moedas | J15: 0 | K15: Sim | L15: 31 | N15: Sim | O15: 47500
A16: Inativo | B16: Missandei Tarly | C16: 200 | D16: =TEXT(TabelaDirty[[#This Row],[cpf]],"000\.000\.000\-00") -> 000.000.002-00 | E16: 55 | F16: 25892 | G16: Ponta Tempestade | H16: TERRAS DA TEMPESTADE | I16: 5300 | J16: 6500 | K16: Não | L16: 42 | N16: Não | O16: 96000
A17: Inativo | B17: Jeor Mallister | C17: 000.000.162-00 | D17: =TEXT(TabelaDirty[[#This Row],[cpf]],"000\.000\.000\-00") -> 000.000.162-00 | E17: 47 | F17: 29064 | G17: Correrrio | H17: Terras Fluviais | I17: 13300 | J17: 1000 | K17: Sim | L17: 24 | N17: Sim | O17: 61500
A18: Inativo | B18: Eddard Crakehall | C18: 31800 | D18: =TEXT(TabelaDirty[[#This Row],[cpf]],"000\.000\.000\-00") -> 000.000.318-00 | E18: 43 | F18: 30391 | G18: Castelo Negro | H18: Norte | I18: 7100 | J18: 5500 moedas | K18: Não | L18: 23 | N18: Não | O18: 67000
A19: Ativo | B19: Podrick Swyft | C19: 000.000.090-00 | D19: =TEXT(TabelaDirty[[#This Row],[cpf]],"000\.000\.000\-00") -> 000.000.090-00 | E19: 32 | F19: 34457 | G19: Correrrio | H19: TERRAS FLUVIAIS | I19: 21300 | J19: 48000 | K19: Não | L19: 11 | N19: Não | O19: 35000
A20: Ativo | B20: Podrick Dayne | C20: 22300 | D20: =TEXT(TabelaDirty[[#This Row],[cpf]],"000\.000\.000\-00") -> 000.000.223-00 | E20: 25 | F20: 36831 | G20: Vilavelha | H20: Campina | I20: 9400 | J20: 51500 | K20: Não | L20: 14 | N20: Não | O20: 29500
A21: Ativo | B21: Ellaria Seaworth | C21: 000.000.125-00 | D21: =TEXT(TabelaDirty[[#This Row],[cpf]],"000\.000\.000\-00") -> 000.000.125-00 | E21: 23 | F21: 37627 | G21: Correrrio | H21: TERRAS FLUVIAIS | J21: 69000 | K21: Não | L21: 20 | N21: Não | O21: 69000
A22: Inativo | B22: Melisandre Clegane | C22: 000.000.231-00 | D22: =TEXT(TabelaDirty[[#This Row],[cpf]],"000\.000\.000\-00") -> 000.000.231-00 | E22: 53 | F22: 26629 | G22: Ilha dos Ursos | H22: NORTE | I22: 16500 | J22: 4000 | K22: Não | L22: 14 | N22: Não | O22: 36000
A23: Ativo | B23: Robert Karstark | C23: 000.000.184-00 | D23: =TEXT(TabelaDirty[[#This Row],[cpf]],"000\.000\.000\-00") -> 000.000.184-00 | F23: 21378 | G23: Meereen | I23: 14300 | J23: 32500 | K23: Sim | L23: 15 | N23: Sim | O23: 8000
A24: Inativo | B24: rhaegar stark | C24: 000.000.119-00 | D24: =TEXT(TabelaDirty[[#This Row],[cpf]],"000\.000\.000\-00") -> 000.000.119-00 | E24: 33 | F24: 34082 | G24: Meereen | H24: Essos | I24: 23600 | J24: 75500 | K24: Não | L24: 16 | N24: Não | O24: 88000
A25: Ativo | B25: Loras Greyjoy | C25: 000.000.362-00 | D25: =TEXT(TabelaDirty[[#This Row],[cpf]],"000\.000\.000\-00") -> 000.000.362-00 | E25: 68 | F25: 21145 | G25: Fosso Cailin | H25: Norte | I25: 29000 | J25: 67500 | K25: Não | L25: 25 | N25: Não | O25: 18000
A26: Inativo | B26: Jorah Hightower | C26: 000.000.346-00 | D26: =TEXT(TabelaDirty[[#This Row],[cpf]],"000\.000\.000\-00") -> 000.000.346-00 | E26: 62 | F26: 23259 | G26: Pedra do Dragão | H26: TERRAS DA COROA | J26: 0 | K26: Sim | L26: 1 batalhas | N26: Sim | O26: 12000
A27: Ativo | B27: Loras Clegane | C27: 000.000.287-00 | D27: =TEXT(TabelaDirty[[#This Row],[cpf]],"000\.000\.000\-00") -> 000.000.287-00 | E27: 58 | F27: 24911 | G27: Harrenhal | H27: Terras Fluviais | I27: 25400 | J27: 70500 | K27: Sim | L27: 11 | N27: Sim | O27: 47000
A28: Ativo | B28: samwell yronwood | C28: 000.000.124-00 | D28: =TEXT(TabelaDirty[[#This Row],[cpf]],"000\.000\.000\-00") -> 000.000.124-00 | E28: 29 | F28: 35323 | G28: Jardim de Cima | H28: Campina | I28: 21200 | J28: 75000 | K28: Não | L28: 6 | N28: Não | O28: 63500
A29: Ativoo | B29: Catelyn Yronwood | C29: 000.000.226-00 | D29: =TEXT(TabelaDirty[[#This Row],[cpf]],"000\.000\.000\-00") -> 000.000.226-00 | E29: 38 | F29: 32166 | G29: Castelo Negro | H29: norte | I29: 19500 moedas | J29: 39000 | K29: Não | L29: 25 | N29: Não | O29: 88500
A30: Inativo | B30: Brienne Reed | C30: 000.000.306-00 | D30: =TEXT(TabelaDirty[[#This Row],[cpf]],"000\.000\.000\-00") -> 000.000.306-00 | E30: 68 | F30: 21293 | G30: Pyke | H30: Ilhas de Ferro | I30: 3800 | J30: 70000 | K30: Sim | L30: 34 | N30: Sim | O30: 7500
A31: Ativo | B31: Rhaegar Umber | C31: 000.000.247-00 | D31: =TEXT(TabelaDirty[[#This Row],[cpf]],"000\.000\.000\-00") -> 000.000.247-00 | E31: 19 | F31: 39220 | G31: Vilavelha | H31: Campina | I31: 18000 | J31: 50500 | K31: sim | L31: 11 | N31: sim | O31: 26000
A32: Ativo | B32: Roose Manderly | C32: 15400 | D32: =TEXT(TabelaDirty[[#This Row],[cpf]],"000\.000\.000\-00") -> 000.000.154-00 | E32: 42 | F32: 30642 | G32: Dorne | H32: Dorne | I32: sem renda | J32: 19500 | K32: Não | L32: 42 | N32: Não | O32: 89500
A33: Ativo | B33: Jeor Florent | C33: 000.000.249-00 | D33: =TEXT(TabelaDirty[[#This Row],[cpf]],"000\.000\.000\-00") -> 000.000.249-00 | E33: 27 | F33: 36319 | G33: Ponta Tempestade | H33: terras da tempestade | I33: 28800 | J33: 78500 | K33: Não | L33: 2 | N33: Não | O33: 53000
A34: Ativo | B34: Bran Yronwood | C34: 000.000.057-00 | D34: =TEXT(TabelaDirty[[#This Row],[cpf]],"000\.000\.000\-00") -> 000.000.057-00 | E34: 42 | F34: 30878 | G34: Pyke | H34: Ilhas de Ferro | I34: 17500 | J34: 3500 | K34: Nao | L34: 25 | N34: Nao | O34: 35000
A35: Ativo | B35: BRONN ARRYN | C35: 000.000.016-00 | D35: =TEXT(TabelaDirty[[#This Row],[cpf]],"000\.000\.000\-00") -> 000.000.016-00 | E35: 44 | F35: 29975 | G35: Lannisporto | H35: oeste | I35: 5300 | J35: 6000 | K35: Sim | L35: 1 | N35: Sim | O35: 4500
A36: Ativo | B36: Shae Clegane | C36: 000.000.205-00 | D36: =TEXT(TabelaDirty[[#This Row],[cpf]],"000\.000\.000\-00") -> 000.000.205-00 | E36: 40 | F36: 31539 | G36: Fosso Cailin | H36: Norte | I36: 9900 | J36: 3500 | K36: Não | L36: 1 | N36: Não | O36: 23500
A37: Ativo | B37: Ramsay Hornwood | C37: 000.000.005-00 | D37: =TEXT(TabelaDirty[[#This Row],[cpf]],"000\.000\.000\-00") -> 000.000.005-00 | E37: 65 | F37: 22236 | G37: Pyke | H37: Ilhas De Ferro | I37: 23400 moedas | J37: 28000 | K37: Não | L37: 34 | N37: Não | O37: 74000
B38: MEERA PAYNE | C38: 000.000.131-00 | D38: =TEXT(TabelaDirty[[#This Row],[cpf]],"000\.000\.000\-00") -> 000.000.131-00 | E38: 63 | F38: 22974 | G38: Dorne | H38: DORNE | I38: 14700 | J38: 0 | K38: sim | L38: 40 | N38: sim | O38: 83500
A39: Ativo | B39: MELISANDRE BARATHEON | C39: 000.000.364-00 | D39: =TEXT(TabelaDirty[[#This Row],[cpf]],"000\.000\.000\-00") -> 000.000.364-00 | E39: 22 | G39: Meereen | H39: Essos | I39: 14400 | J39: 0 | K39: Não | L39: 27 batalhas | N39: Não | O39: 33500
A40: ATIVO | B40: Podrick Targaryen | C40: 000.000.050-00 | D40: =TEXT(TabelaDirty[[#This Row],[cpf]],"000\.000\.000\-00") -> 000.000.050-00 | E40: 39 | F40: 31879 | G40: Vilavelha | H40: Campina | I40: 29900 moedas | J40: 0 | K40: Não | L40: 39 | N40: Não | O40: 75000
A41: Ativo | B41: Margaery Manderly | C41: 000.000.222-00 | D41: =TEXT(TabelaDirty[[#This Row],[cpf]],"000\.000\.000\-00") -> 000.000.222-00 | E41: 63 | F41: 23231 | G41: Winterfell | H41: Norte | I41: 16800 | J41: 0 | L41: 32 | O41: 61500
A42: Ativo | B42: Daenerys Seaworth | C42: 000.000.341-00 | D42: =TEXT(TabelaDirty[[#This Row],[cpf]],"000\.000\.000\-00") -> 000.000.341-00 | E42: 54 | F42: 26213 | G42: Vilavelha | H42: CAMPINA | I42: 29700 | J42: 34000 | K42: Não | L42: 35 | N42: Não | O42: 35000
A43: Ativo | B43: Jorah Redwyne | C43: 16500 | D43: =TEXT(TabelaDirty[[#This Row],[cpf]],"000\.000\.000\-00") -> 000.000.165-00 | E43: 37 | F43: 32513 | G43: Monte Chifre | H43: campina | I43: 2600 | J43: N/A | K43: Não | L43: 5 | N43: Não | O43: 16500
A44: Ativo | B44: Margaery Hornwood | C44: 15100 | D44: =TEXT(TabelaDirty[[#This Row],[cpf]],"000\.000\.000\-00") -> 000.000.151-00 | E44: 25 | F44: 37125 | G44: Dorne | H44: Dorne | I44: 2500 | J44: 72500 | K44: Não | L44: 32 | N44: Não | O44: 97000
A45: Ativo | B45: Arya Redwyne | C45: 000.000.333-00 | D45: =TEXT(TabelaDirty[[#This Row],[cpf]],"000\.000\.000\-00") -> 000.000.333-00 | E45: 21 | F45: 38323 | G45: Correrrio | H45: Terras Fluviais | I45: 3800 moedas | J45: 0 | K45: Não | L45: 25 | N45: Não | O45: 50000
A46: Ativo | B46: VARYS BRACKEN | C46: 000.000.215-00 | D46: =TEXT(TabelaDirty[[#This Row],[cpf]],"000\.000\.000\-00") -> 000.000.215-00 | E46: 28 | F46: 35887 | G46: Porto Real | H46: Terras da Coroa | I46: 2000 moedas | J46: 51000 | K46: Nao | L46: 12 | N46: Nao | O46: 72500
A47: Ativo | B47: Brienne Royce | C47: 10800 | D47: =TEXT(TabelaDirty[[#This Row],[cpf]],"000\.000\.000\-00") -> 000.000.108-00 | E47: 39 | F47: 31766 | G47: Vilavelha | H47: campina | I47: 24700 | J47: 23500 moedas | K47: Não | L47: 43 | N47: Não | O47: 57000
A48: Ativo | B48: Rickon Redwyne | C48: 15000 | D48: =TEXT(TabelaDirty[[#This Row],[cpf]],"000\.000\.000\-00") -> 000.000.150-00 | E48: 73 | F48: 19588 | G48: Fosso Cailin | H48: Norte | I48: 28600 | J48: 40500 | K48: Não | L48: 20 | N48: Não | O48: 2500
A49: Ativo | B49: Tormund Karstark | C49: 000.000.284-00 | D49: =TEXT(TabelaDirty[[#This Row],[cpf]],"000\.000\.000\-00") -> 000.000.284-00 | E49: 42 | F49: 30662 | G49: Castelo Negro | H49: NORTE | I49: 20400 | J49: 0 | K49: Nao | L49: 0 | N49: Nao | O49: 81000
A50: Ativo | B50: Bran Dayne | C50: 000.000.288-00 | D50: =TEXT(TabelaDirty[[#This Row],[cpf]],"000\.000\.000\-00") -> 000.000.288-00 | E50: 48 | F50: 28430 | G50: Pyke | H50: Ilhas De Ferro | I50: 4500 moedas | J50: 0 | K50: Não | L50: 3 | N50: Não | O50: 48500
A51: Ativo | B51: Aegon Frey | C51: 000.000.338-00 | D51: =TEXT(TabelaDirty[[#This Row],[cpf]],"000\.000\.000\-00") -> 000.000.338-00 | E51: 56 | F51: 25525 | G51: Dorne | H51: Dorne | I51: 11100 moedas | J51: 63000 | K51: Não | L51: 0 | N51: Não | O51: 56000
A52: Ativo | B52: Daenerys Snow | C52: 14200 | D52: =TEXT(TabelaDirty[[#This Row],[cpf]],"000\.000\.000\-00") -> 000.000.142-00 | E52: 48 | F52: 28681 | G52: Dorne | Dorne | I52: 15800 | J52: N/A | K52: Não | L52: 12 | N52: Não | O52: 69500
A53: Ativo | B53: Asha Baratheon | C53: 000.000.195-00 | D53: =TEXT(TabelaDirty[[#This Row],[cpf]],"000\.000\.000\-00") -> 000.000.195-00 | E53: 70 | F53: 20570 | G53: Braavos | H53: Essos | I53: 16300 | J53: 16500 | K53: Não | L53: 25 | N53: Não | O53: 65500
A54: ATIVO | B54: Rickon Crakehall | C54: 000.000.066-00 | D54: =TEXT(TabelaDirty[[#This Row],[cpf]],"000\.000\.000\-00") -> 000.000.066-00 | E54: 24 | F54: 37435 | G54: Atalaia da Água Cinzenta | H54: gargalo | I54: 6100 | K54: NÃO | L54: 15 | N54: NÃO | O54: 67000
A55: Ativo | B55: Eddard Mallister | C55: 000.000.309-00 | D55: =TEXT(TabelaDirty[[#This Row],[cpf]],"000\.000\.000\-00") -> 000.000.309-00 | E55: 47 | F55: 28802 | G55: Atalaia da Água Cinzenta | H55: GARGALO | I55: 22700 | J55: 8500 | L55: 35 | O55: 23500
A56: Ativo | B56: Daario Clegane | C56: 000.000.270-00 | D56: =TEXT(TabelaDirty[[#This Row],[cpf]],"000\.000\.000\-00") -> 000.000.270-00 | E56: 33 | F56: 33881 | G56: Castelo Negro | H56: NORTE | I56: 29700 | J56: 22000 | K56: Não | L56: 38 batalhas | N56: Não | O56: 81000
A57: Inativo | B57: Ellaria Mallister | C57: 000.000.194-00 | D57: =TEXT(TabelaDirty[[#This Row],[cpf]],"000\.000\.000\-00") -> 000.000.194-00 | E57: 38 | F57: 32102 | G57: Pyke | H57: ilhas de ferro | I57: 13500 | J57: 24000 | K57: Não | L57: 2 | N57: Não | O57: 17500
A58: Inativo | B58: Stannis Cerwyn | C58: 3400 | D58: =TEXT(TabelaDirty[[#This Row],[cpf]],"000\.000\.000\-00") -> 000.000.034-00 | E58: 35 | F58: 33204 | G58: Winterfell | H58: norte | I58: 17600 | J58: 44000 | K58: NÃO | L58: 22 | N58: NÃO | O58: 56500
A59: Inativo | B59: ELLARIA TARLY | C59: 000.000.026-00 | D59: =TEXT(TabelaDirty[[#This Row],[cpf]],"000\.000\.000\-00") -> 000.000.026-00 | E59: 67 | F59: 21512 | G59: Braavos | H59: ESSOS | I59: 3200 | J59: 6500 | K59: Não | L59: 20 | N59: Não | O59: 52500
A60: ativo | B60: Daario Tyrell | C60: 000.000.251-00 | D60: =TEXT(TabelaDirty[[#This Row],[cpf]],"000\.000\.000\-00") -> 000.000.251-00 | E60: 51 | F60: 27377 | G60: Pyke | H60: Ilhas De Ferro | I60: 16300 | K60: Nao | L60: 8 | N60: Nao | O60: 33000
A61: Inativo | B61: Daario Marbrand | C61: 000.000.014-00 | D61: =TEXT(TabelaDirty[[#This Row],[cpf]],"000\.000\.000\-00") -> 000.000.014-00 | E61: 46 anos | F61: 29113 | G61: Fosso Cailin | H61: Norte | I61: 15000 | J61: 32500 | K61: Não | L61: 40 | N61: Não | O61: 4500
A62: Ativo | B62: Thoros Tarth | C62: 23900 | D62: =TEXT(TabelaDirty[[#This Row],[cpf]],"000\.000\.000\-00") -> 000.000.239-00 | E62: 39 | F62: 31740 | G62: Pyke | H62: ILHAS DE FERRO | I62: 13200 | J62: N/A | K62: Não | L62: 38 batalhas | N62: Não | O62: 36000
A63: Ativo | B63: Arya Marbrand | C63: 000.000.133-00 | D63: =TEXT(TabelaDirty[[#This Row],[cpf]],"000\.000\.000\-00") -> 000.000.133-00 | E63: 24 | F63: 37172 | G63: Ninho da Águia | H63: Vale | I63: 21600 | J63: 25000 | K63: Não | L63: 33 | N63: Não | O63: 17500
A64: Ativo | B64: Davos Tyrell | C64: 16100 | D64: =TEXT(TabelaDirty[[#This Row],[cpf]],"000\.000\.000\-00") -> 000.000.161-00 | E64: 57 | G64: Lannisporto | H64: oeste | I64: sem renda | K64: Sim | L64: 28 batalhas | N64: Sim | O64: 13000
A65: Ativo | B65: Lyanna Florent | C65: 6300 | D65: =TEXT(TabelaDirty[[#This Row],[cpf]],"000\.000\.000\-00") -> 000.000.063-00 | E65: 68 | G65: Pedra do Dragão | H65: Terras da Coroa | I65: 19900 | J65: 35000 | K65: Nao | L65: 25 | N65: Nao | O65: 59500
A66: Ativo | B66: Varys Bolton | C66: 27200 | D66: =TEXT(TabelaDirty[[#This Row],[cpf]],"000\.000\.000\-00") -> 000.000.272-00 | E66: 56 | F66: 25710 | G66: Fosso Cailin | H66: Norte | I66: 14100 | J66: 1500 | K66: Não | L66: 26 | N66: Não | O66: 36000
A67: ATIVO | B67: Shae Seaworth | C67: 000.000.030-00 | D67: =TEXT(TabelaDirty[[#This Row],[cpf]],"000\.000\.000\-00") -> 000.000.030-00 | E67: 33 | F67: 34027 | G67: Braavos | H67: essos | I67: 3400 | J67: 0 | K67: Não | L67: 13 | N67: Não | O67: 70000
A68: Ativo | B68: Jojen Reed | C68: 000.000.136-00 | D68: =TEXT(TabelaDirty[[#This Row],[cpf]],"000\.000\.000\-00") -> 000.000.136-00 | E68: 41 | F68: 30944 | G68: Ponta Tempestade | H68: Terras da Tempestade | I68: 20000 moedas | J68: 20500 | K68: Sim | L68: 8 | N68: Sim | O68: 44000
A69: Ativo | B69: Podrick Blackwood | C69: 000.000.135-00 | D69: =TEXT(TabelaDirty[[#This Row],[cpf]],"000\.000\.000\-00") -> 000.000.135-00 | F69: 34411 | G69: Dorne | H69: Dorne | J69: 0 | K69: Não | L69: 20 | N69: Não | O69: 42000
A70: Ativo | B70: Renly Mallister | C70: 000.000.372-00 | D70: =TEXT(TabelaDirty[[#This Row],[cpf]],"000\.000\.000\-00") -> 000.000.372-00 | E70: 34 | F70: 33525 | G70: Winterfell | I70: 28000 | J70: 36500 | K70: Não | L70: 33 | N70: Não | O70: 60000
A71: Ativo | B71: Cersei Clegane | C71: 000.000.323-00 | D71: =TEXT(TabelaDirty[[#This Row],[cpf]],"000\.000\.000\-00") -> 000.000.323-00 | E71: 24 | F71: 37259 | G71: Dorne | H71: Dorne | I71: 25200 | J71: 0 | K71: Não | L71: 10 | N71: Não | O71: 69500
A72: Ativo | B72: BERIC CRAKEHALL | C72: 000.000.067-00 | D72: =TEXT(TabelaDirty[[#This Row],[cpf]],"000\.000\.000\-00") -> 000.000.067-00 | E72: 55 | F72: 26104 | G72: Pyke | H72: Ilhas De Ferro | I72: 22100 | J72: 41500 | K72: Não | L72: 18 | N72: Não | O72: 65000
A73: Inativo | B73: Ellaria Bracken | C73: 000.000.138-00 | D73: =TEXT(TabelaDirty[[#This Row],[cpf]],"000\.000\.000\-00") -> 000.000.138-00 | E73: 59 | F73: 24512 | G73: Monte Chifre | H73: CAMPINA | I73: 6300 | J73: 15000 | K73: Não | L73: 42 | N73: Não | O73: 8500
A74: Inativo | B74: Ellaria Reed | C74: 000.000.311-00 | D74: =TEXT(TabelaDirty[[#This Row],[cpf]],"000\.000\.000\-00") -> 000.000.311-00 | E74: 70 | F74: 20502 | G74: Lannisporto | H74: Oeste | I74: 2500 | J74: 0 | K74: Não | L74: 38 | N74: Não | O74: 44500
A75: Ativo | B75: Daenerys Tallhart | C75: 000.000.092-00 | D75: =TEXT(TabelaDirty[[#This Row],[cpf]],"000\.000\.000\-00") -> 000.000.092-00 | E75: 37 | F75: 32543 | G75: Vilavelha | H75: Campina | I75: 29200 | J75: 45000 | K75: Não | L75: 26 | N75: Não | O75: 23500
A76: Ativo | B76: Lyanna Marbrand | C76: 000.000.283-00 | D76: =TEXT(TabelaDirty[[#This Row],[cpf]],"000\.000\.000\-00") -> 000.000.283-00 | E76: 27 | F76: 36308 | G76: Correrrio | H76: Terras Fluviais | I76: 5300 | J76: 22000 moedas | K76: NÃO | L76: 11 | N76: NÃO | O76: 28500
A77: Ativo | B77: Ramsay Dondarrion | C77: 000.000.054-00 | D77: =TEXT(TabelaDirty[[#This Row],[cpf]],"000\.000\.000\-00") -> 000.000.054-00 | E77: 55 | F77: 25874 | G77: Dorne | H77: dorne | I77: 29100 | J77: 5500 moedas | K77: Não | L77: 11 | N77: Não | O77: 56000
A78: ATIVO | B78: Thoros Baelish | C78: 000.000.011-00 | D78: =TEXT(TabelaDirty[[#This Row],[cpf]],"000\.000\.000\-00") -> 000.000.011-00 | E78: 53 | F78: 26812 | G78: Meereen | H78: Essos | I78: 27800 | J78: 52000 | K78: Não | L78: 43 | N78: Não | O78: 93500
A79: Ativo | B79: Melisandre Blackwood | C79: 000.000.051-00 | D79: =TEXT(TabelaDirty[[#This Row],[cpf]],"000\.000\.000\-00") -> 000.000.051-00 | E79: 40 | F79: 31647 | G79: Fosso Cailin | H79: Norte | I79: 18700 | J79: 15000 | L79: 26 | O79: 89500
A80: Ativo | B80: Yara Baelish | C80: 34400 | D80: =TEXT(TabelaDirty[[#This Row],[cpf]],"000\.000\.000\-00") -> 000.000.344-00 | E80: 64 | F80: 22836 | G80: Solar do Entardecer | H80: Terras Da Tempestade | I80: 24300 | J80: 16500 | K80: Sim | L80: 24 | N80: Sim | O80: 57000
A81: Ativo | B81: Cersei Stark | C81: 000.000.293-00 | D81: =TEXT(TabelaDirty[[#This Row],[cpf]],"000\.000\.000\-00") -> 000.000.293-00 | E81: 25 | F81: 37091 | G81: Ninho da Águia | H81: Vale | I81: 28800 | K81: Não | L81: 12 | N81: Não | O81: 46500
A82: Ativo | B82: Jon Karstark | C82: 000.000.139-00 | D82: =TEXT(TabelaDirty[[#This Row],[cpf]],"000\.000\.000\-00") -> 000.000.139-00 | E82: 55 anos | F82: 26161 | G82: Jardim de Cima | I82: 12200 | J82: 70500 moedas | K82: não | L82: 33 | N82: não | O82: 78000
A83: Ativo | B83: Yara Royce | C83: 32000 | D83: =TEXT(TabelaDirty[[#This Row],[cpf]],"000\.000\.000\-00") -> 000.000.320-00 | E83: 68 | F83: 21162 | G83: Castelo Negro | H83: Norte | I83: 11500 | J83: 17500 | K83: Não | L83: 19 | N83: Não | O83: 26000
A84: Ativo | B84: Jeor Lannister | C84: 000.000.091-00 | D84: =TEXT(TabelaDirty[[#This Row],[cpf]],"000\.000\.000\-00") -> 000.000.091-00 | E84: 37 | F84: 32412 | G84: Fosso Cailin | H84: norte | I84: 24700 | J84: 23000 | K84: Sim | L84: 10 batalhas | N84: Sim | O84: 37500
A85: Ativo | B85: bran florent | C85: 000.000.218-00 | D85: =TEXT(TabelaDirty[[#This Row],[cpf]],"000\.000\.000\-00") -> 000.000.218-00 | E85: 62 | F85: 23488 | G85: Ninho da Águia | H85: Vale | I85: sem renda | J85: N/A | K85: Não | L85: 38 batalhas | N85: Não | O85: 72000
A86: Ativo | B86: Jojen Redwyne | C86: 000.000.334-00 | D86: =TEXT(TabelaDirty[[#This Row],[cpf]],"000\.000\.000\-00") -> 000.000.334-00 | E86: 24 anos | F86: 37491 | G86: Dorne | H86: dorne | I86: 8900 | J86: 19500 | K86: Sim | L86: 33 | N86: Sim | O86: 96500
A87: Ativo | B87: Bronn Mallister | C87: 000.000.200-00 | D87: =TEXT(TabelaDirty[[#This Row],[cpf]],"000\.000\.000\-00") -> 000.000.200-00 | E87: 35 | G87: Vilavelha | H87: Campina | I87: 28000 | J87: 76500 moedas | K87: Não | L87: 39 | N87: Não | O87: 32000
A88: Ativo | B88: Olenna Reed | C88: 000.000.248-00 | D88: =TEXT(TabelaDirty[[#This Row],[cpf]],"000\.000\.000\-00") -> 000.000.248-00 | E88: 40 | F88: 31408 | G88: Braavos | Essos | I88: 17400 | J88: 53000 | K88: Sim | L88: 20 | N88: Sim | O88: 52500
A89: Ativoo | B89: Jon Hightower | C89: 000.000.081-00 | D89: =TEXT(TabelaDirty[[#This Row],[cpf]],"000\.000\.000\-00") -> 000.000.081-00 | E89: 59 | F89: 24362 | G89: Winterfell | H89: Norte | I89: 18900 | J89: 1000 | K89: sim | L89: 42 | N89: sim | O89: 16500
A90: Inativo | B90: renly dayne | C90: 000.000.065-00 | D90: =TEXT(TabelaDirty[[#This Row],[cpf]],"000\.000\.000\-00") -> 000.000.065-00 | F90: 19672 | G90: Dorne | H90: Dorne | I90: 21000 | J90: 0 | K90: Nao | L90: 11 | N90: Nao | O90: 75500
A91: Ativo | B91: Missandei Karstark | C91: 000.000.044-00 | D91: =TEXT(TabelaDirty[[#This Row],[cpf]],"000\.000\.000\-00") -> 000.000.044-00 | E91: 42 | F91: 30666 | G91: Pedra do Dragão | H91: terras da coroa | I91: 6000 | J91: 55000 | K91: Não | L91: 5 | N91: Não | O91: 10000
A92: Ativo | B92: Catelyn Cerwyn | C92: 000.000.308-00 | D92: =TEXT(TabelaDirty[[#This Row],[cpf]],"000\.000\.000\-00") -> 000.000.308-00 | E92: 60 | F92: 24082 | G92: Atalaia da Água Cinzenta | H92: gargalo | I92: 13800 | J92: 45500 | K92: Não | L92: 30 | N92: Não | O92: 17500
A93: Ativo | B93: Margaery Dayne | C93: 000.000.276-00 | D93: =TEXT(TabelaDirty[[#This Row],[cpf]],"000\.000\.000\-00") -> 000.000.276-00 | E93: 36 | F93: 32791 | G93: Jardim de Cima | H93: CAMPINA | I93: 23900 | J93: 58000 | K93: Não | L93: 27 | N93: Não | O93: 38000
A94: Ativo | B94: Rickon Karstark | C94: 000.000.088-00 | D94: =TEXT(TabelaDirty[[#This Row],[cpf]],"000\.000\.000\-00") -> 000.000.088-00 | E94: 74 | F94: 19121 | G94: Castelo Negro | H94: Norte | I94: 7300 | J94: 1000 | K94: Não | L94: 3 | N94: Não | O94: 50500
A95: Ativoo | B95: Jorah Seaworth | C95: 20700 | D95: =TEXT(TabelaDirty[[#This Row],[cpf]],"000\.000\.000\-00") -> 000.000.207-00 | E95: 66 | F95: 22151 | G95: Fosso Cailin | Norte | I95: 28800 moedas | J95: 16000 | K95: Sim | L95: 44 | N95: Sim | O95: 59000
A96: Ativo | B96: Stannis Redwyne | C96: 000.000.216-00 | D96: =TEXT(TabelaDirty[[#This Row],[cpf]],"000\.000\.000\-00") -> 000.000.216-00 | E96: 34 | F96: 33835 | G96: Jardim de Cima | Campina | I96: 5100 | J96: 17000 | K96: Não | L96: 3 batalhas | N96: Não | O96: 4500
A97: Inativo | B97: LORAS BAELISH | C97: 000.000.217-00 | D97: =TEXT(TabelaDirty[[#This Row],[cpf]],"000\.000\.000\-00") -> 000.000.217-00 | E97: 68 | F97: 21205 | G97: Jardim de Cima | H97: Campina | I97: 8200 | J97: 66000 | K97: Não | L97: 16 | N97: Não | O97: 84000
A98: Inativo | B98: Viserys Florent | C98: 000.000.129-00 | D98: =TEXT(TabelaDirty[[#This Row],[cpf]],"000\.000\.000\-00") -> 000.000.129-00 | E98: 59 | F98: 24554 | G98: Meereen | H98: Essos | I98: 15200 | J98: 11000 | K98: NÃO | L98: 27 | N98: NÃO | O98: 87000
A99: Ativo | B99: Jon Marbrand | C99: 000.000.359-00 | D99: =TEXT(TabelaDirty[[#This Row],[cpf]],"000\.000\.000\-00") -> 000.000.359-00 | E99: 29 | F99: 35600 | G99: Porto Real | H99: terras da coroa | I99: 10000 | J99: 25500 | K99: Não | L99: 15 | N99: Não | O99: 66000
A100: Ativo | B100: Aegon Bracken | C100: 000.000.244-00 | D100: =TEXT(TabelaDirty[[#This Row],[cpf]],"000\.000\.000\-00") -> 000.000.244-00 | E100: 69 | F100: 20725 | G100: Correrrio | H100: terras fluviais | I100: 8100 | J100: 27500 | K100: NÃO | L100: 42 | N100: NÃO | O100: 72500
...

Sheet Base_Limpa (2)
A1: status | B1: nome | C1: cpf | D1: idade | E1: data_nascimento | F1: cidade | G1: regiao | H1: CidadeCPF | I1: Coluna1 | J1: RegiaoCPF | K1: CidadeClean | L1: RegiaoClean | M1: renda_mensal | N1: credito_tomado | O1: flag_inadimplente | P1: analise_credito | Q1: qtde_batalhas | R1: nivel_risco | S1: analise_risco | T1: valor_solicitado | U1: liberacao_credito | Y1: regiao | AB1: Ativo | AE1: cpf | AJ1: renda_mensal | AN1: null | BB1: renda_mensal | BC1: liberacao_credito
A2: Inativo | B2: Varys Blackwood | C2: 000.000.267-00 | D2: 54 | E2: 26453 | F2: =TabelaClean14[[#This Row],[CidadeCPF]] -> Atalaia da Água Cinzenta | G2: =TabelaClean14[[#This Row],[RegiaoCPF]] -> Gargalo | H2: =_xlfn.XLOOKUP(TabelaClean14[[#This Row],[cpf]],TabelaDirty[cpfclean],TabelaDirty[cidade]) -> Atalaia da Água Cinzenta | I2: =_xlfn.XLOOKUP(TabelaClean14[[#This Row],[cpf]],TabelaDirty[cpfclean],TabelaDirty[regiao]) -> gargalo | J2: =PROPER(TabelaClean14[[#This Row],[Coluna1]]) -> Gargalo | K2: =_xlfn.TEXTBEFORE(TabelaClean14[[#This Row],[CidadeCPF]]," | ") -> #N/A | L2: =_xlfn.TEXTAFTER(TabelaClean14[[#This Row],[CidadeCPF]]," | ") -> #N/A | M2: 3900 | N2: 80000 | O2: Não | P2: =IF(AND(TabelaClean14[[#This Row],[credito_tomado]]>50000, TabelaClean14[[#This Row],[flag_inadimplente]]="Sim"), "Reprovado", IF(OR(ISBLANK(TabelaClean14[[#This Row],[credito_tomado]]), ISBLANK(TabelaClean14[[#This Row],[flag_inadimplente]])), "null", "Aprovado")) -> Aprovado | Q2: 41 | R2: {=_xlfn.IFS(TabelaClean14[[#This Row],[qtde_batalhas]]<=10,"Baixo",TabelaClean14[[#This Row],[qtde_batalhas]]>=26,"Alto",TabelaClean14[[#This Row],[qtde_batalhas]]<26,"Médio")} -> Alto | S2: =IF(AND(TabelaClean14[[#This Row],[nivel_risco]]="Alto",TabelaClean14[[#This Row],[flag_inadimplente]]="Sim"),"Arriscado","Ok") -> Ok | T2: 30000 | U2: =IF(AND(TabelaClean14[[#This Row],[analise_risco]]="Arriscado",TabelaClean14[[#This Row],[analise_credito]]="Reprovado"),0,IF(TabelaClean14[[#This Row],[status]]="Ativo",TabelaClean14[[#This Row],[valor_solicitado]]*1.08,0)) -> 0 | Y2: null | AB2: Inativo | AE2: 200 | AF2: =TEXT(AE2,"000\.000\.000\-00") -> 000.000.002-00 | AJ2: 28400 | AK2: 28400 | AM2: 78000 | AN2: 78000 | AO2: 78000 | AQ2: Lannisporto | AZ2: 000.000.161-00 | BA2: Lannisporto | BB2: 3900 | BC2: =IF(AND(TabelaClean14[[#This Row],[analise_risco]]="Arriscado",TabelaClean14[[#This Row],[analise_credito]]="Reprovado"),0,IF(TabelaClean14[[#This Row],[status]]="Ativo",TabelaClean14[[#This Row],[valor_solicitado]]*1.08,0)) -> 0
A3: Inativo | B3: Yara Payne | C3: 000.000.250-00 | D3: null | E3: 38001 | F3: =TabelaClean14[[#This Row],[CidadeCPF]] -> Fosso Cailin | G3: =TabelaClean14[[#This Row],[RegiaoCPF]] -> Norte | H3: =_xlfn.XLOOKUP(TabelaClean14[[#This Row],[cpf]],TabelaDirty[cpfclean],TabelaDirty[cidade]) -> Fosso Cailin | I3: =_xlfn.XLOOKUP(TabelaClean14[[#This Row],[cpf]],TabelaDirty[cpfclean],TabelaDirty[regiao]) -> NORTE | J3: =PROPER(TabelaClean14[[#This Row],[Coluna1]]) -> Norte | K3: =_xlfn.TEXTBEFORE(TabelaClean14[[#This Row],[CidadeCPF]]," | ") -> #N/A | L3: =_xlfn.TEXTAFTER(TabelaClean14[[#This Row],[CidadeCPF]]," | ") -> #N/A | M3: 2100 | N3: 79500 | O3: Sim | P3: =IF(AND(TabelaClean14[[#This Row],[credito_tomado]]>50000, TabelaClean14[[#This Row],[flag_inadimplente]]="Sim"), "Reprovado", IF(OR(ISBLANK(TabelaClean14[[#This Row],[credito_tomado]]), ISBLANK(TabelaClean14[[#This Row],[flag_inadimplente]])), "null", "Aprovado")) -> Reprovado | Q3: 29 | R3: {=_xlfn.IFS(TabelaClean14[[#This Row],[qtde_batalhas]]<=10,"Baixo",TabelaClean14[[#This Row],[qtde_batalhas]]>=26,"Alto",TabelaClean14[[#This Row],[qtde_batalhas]]<26,"Médio")} -> Alto | S3: =IF(AND(TabelaClean14[[#This Row],[nivel_risco]]="Alto",TabelaClean14[[#This Row],[flag_inadimplente]]="Sim"),"Arriscado","Ok") -> Arriscado | T3: 64000 | U3: =IF(AND(TabelaClean14[[#This Row],[analise_risco]]="Arriscado",TabelaClean14[[#This Row],[analise_credito]]="Reprovado"),0,IF(TabelaClean14[[#This Row],[status]]="Ativo",TabelaClean14[[#This Row],[valor_solicitado]]*1.08,0)) -> 0 | Y3: Campina | Z3: =PROPER(Y3) -> Campina | AE3: 2200 | AF3: =TEXT(AE3,"000\.000\.000\-00") -> 000.000.022-00 | AJ3: 23800 | AK3: 23800 | AM3: N/A | AN3: null | AO3: null | AQ3: Ninho da Águia | AZ3: 000.000.015-00 | BA3: Ninho da Águia | BB3: 2100 | BC3: =IF(AND(TabelaClean14[[#This Row],[analise_risco]]="Arriscado",TabelaClean14[[#This Row],[analise_credito]]="Reprovado"),0,IF(TabelaClean14[[#This Row],[status]]="Ativo",TabelaClean14[[#This Row],[valor_solicitado]]*1.08,0)) -> 0
A4: Ativo | B4: Beric Umber | C4: null | D4: 73 | E4: 19538 | F4: Null | G4: =TabelaClean14[[#This Row],[RegiaoCPF]] -> Null | H4: =_xlfn.XLOOKUP(TabelaClean14[[#This Row],[cpf]],TabelaDirty[cpfclean],TabelaDirty[cidade]) -> #N/A | I4: =_xlfn.XLOOKUP(TabelaClean14[[#This Row],[cpf]],TabelaDirty[cpfclean],TabelaDirty[regiao]) -> #N/A | J4: Null | K4: =_xlfn.TEXTBEFORE(TabelaClean14[[#This Row],[CidadeCPF]]," | ") -> #N/A | L4: =_xlfn.TEXTAFTER(TabelaClean14[[#This Row],[CidadeCPF]]," | ") -> #N/A | M4: 12700 | N4: 79500 | O4: null | P4: =IF(AND(TabelaClean14[[#This Row],[credito_tomado]]>50000, TabelaClean14[[#This Row],[flag_inadimplente]]="Sim"), "Reprovado", IF(OR(ISBLANK(TabelaClean14[[#This Row],[credito_tomado]]), ISBLANK(TabelaClean14[[#This Row],[flag_inadimplente]])), "null", "Aprovado")) -> Aprovado | Q4: 35 | R4: {=_xlfn.IFS(TabelaClean14[[#This Row],[qtde_batalhas]]<=10,"Baixo",TabelaClean14[[#This Row],[qtde_batalhas]]>=26,"Alto",TabelaClean14[[#This Row],[qtde_batalhas]]<26,"Médio")} -> Alto | S4: =IF(AND(TabelaClean14[[#This Row],[nivel_risco]]="Alto",TabelaClean14[[#This Row],[flag_inadimplente]]="Sim"),"Arriscado","Ok") -> Ok | T4: 39000 | U4: =IF(AND(TabelaClean14[[#This Row],[analise_risco]]="Arriscado",TabelaClean14[[#This Row],[analise_credito]]="Reprovado"),0,IF(TabelaClean14[[#This Row],[status]]="Ativo",TabelaClean14[[#This Row],[valor_solicitado]]*1.08,0)) -> 42120 | Y4: terras fluviais | Z4: =PROPER(Y4) -> Terras Fluviais | AE4: 2800 | AF4: =TEXT(AE4,"000\.000\.000\-00") -> 000.000.028-00 | AJ4: 8100 | AK4: 8100 | AM4: 27500 | AN4: 27500 | AO4: 27500 | AQ4: Jardim de Cima | AZ4: 000.000.182-00 | BA4: Jardim de Cima | BB4: 12700 | BC4: =IF(AND(TabelaClean14[[#This Row],[analise_risco]]="Arriscado",TabelaClean14[[#This Row],[analise_credito]]="Reprovado"),0,IF(TabelaClean14[[#This Row],[status]]="Ativo",TabelaClean14[[#This Row],[valor_solicitado]]*1.08,0)) -> 42120
A5: Inativo | B5: Aegon Umber | C5: 000.000.356-00 | D5: 66 | E5: 22101 | F5: =TabelaClean14[[#This Row],[CidadeCPF]] -> Meereen | G5: =TabelaClean14[[#This Row],[RegiaoCPF]] -> Essos | H5: =_xlfn.XLOOKUP(TabelaClean14[[#This Row],[cpf]],TabelaDirty[cpfclean],TabelaDirty[cidade]) -> Meereen | I5: =_xlfn.XLOOKUP(TabelaClean14[[#This Row],[cpf]],TabelaDirty[cpfclean],TabelaDirty[regiao]) -> ESSOS | J5: =PROPER(TabelaClean14[[#This Row],[Coluna1]]) -> Essos | K5: =_xlfn.TEXTBEFORE(TabelaClean14[[#This Row],[CidadeCPF]]," | ") -> #N/A | L5: =_xlfn.TEXTAFTER(TabelaClean14[[#This Row],[CidadeCPF]]," | ") -> #N/A | M5: 16800 | N5: 79500 | O5: Não | P5: =IF(AND(TabelaClean14[[#This Row],[credito_tomado]]>50000, TabelaClean14[[#This Row],[flag_inadimplente]]="Sim"), "Reprovado", IF(OR(ISBLANK(TabelaClean14[[#This Row],[credito_tomado]]), ISBLANK(TabelaClean14[[#This Row],[flag_inadimplente]])), "null", "Aprovado")) -> Aprovado | Q5: 36 | R5: {=_xlfn.IFS(TabelaClean14[[#This Row],[qtde_batalhas]]<=10,"Baixo",TabelaClean14[[#This Row],[qtde_batalhas]]>=26,"Alto",TabelaClean14[[#This Row],[qtde_batalhas]]<26,"Médio")} -> Alto | S5: =IF(AND(TabelaClean14[[#This Row],[nivel_risco]]="Alto",TabelaClean14[[#This Row],[flag_inadimplente]]="Sim"),"Arriscado","Ok") -> Ok | T5: 1500 | U5: =IF(AND(TabelaClean14[[#This Row],[analise_risco]]="Arriscado",TabelaClean14[[#This Row],[analise_credito]]="Reprovado"),0,IF(TabelaClean14[[#This Row],[status]]="Ativo",TabelaClean14[[#This Row],[valor_solicitado]]*1.08,0)) -> 0 | Y5: null | Z5: =PROPER(Y5) -> Null | AE5: 3200 | AF5: =TEXT(AE5,"000\.000\.000\-00") -> 000.000.032-00 | AJ5: 6800 | AK5: 6800 | AM5: 12000 | AN5: 12000 | AO5: 12000 | AQ5: Atalaia da Água Cinzenta | AZ5: 000.000.379-00 | BA5: Atalaia da Água Cinzenta | BB5: 16800 | BC5: =IF(AND(TabelaClean14[[#This Row],[analise_risco]]="Arriscado",TabelaClean14[[#This Row],[analise_credito]]="Reprovado"),0,IF(TabelaClean14[[#This Row],[status]]="Ativo",TabelaClean14[[#This Row],[valor_solicitado]]*1.08,0)) -> 0
A6: Ativo | B6: Meera Reed | C6: 000.000.314-00 | D6: 53 | E6: 26584 | F6: =TabelaClean14[[#This Row],[CidadeCPF]] -> Fosso Cailin | G6: =TabelaClean14[[#This Row],[RegiaoCPF]] -> Norte | H6: =_xlfn.XLOOKUP(TabelaClean14[[#This Row],[cpf]],TabelaDirty[cpfclean],TabelaDirty[cidade]) -> Fosso Cailin | I6: =_xlfn.XLOOKUP(TabelaClean14[[#This Row],[cpf]],TabelaDirty[cpfclean],TabelaDirty[regiao]) -> Norte | J6: =PROPER(TabelaClean14[[#This Row],[Coluna1]]) -> Norte | K6: =_xlfn.TEXTBEFORE(TabelaClean14[[#This Row],[CidadeCPF]]," | ") -> #N/A | L6: =_xlfn.TEXTAFTER(TabelaClean14[[#This Row],[CidadeCPF]]," | ") -> #N/A | M6: 12200 | N6: 79500 | O6: Não | P6: =IF(AND(TabelaClean14[[#This Row],[credito_tomado]]>50000, TabelaClean14[[#This Row],[flag_inadimplente]]="Sim"), "Reprovado", IF(OR(ISBLANK(TabelaClean14[[#This Row],[credito_tomado]]), ISBLANK(TabelaClean14[[#This Row],[flag_inadimplente]])), "null", "Aprovado")) -> Aprovado | Q6: 45 | R6: {=_xlfn.IFS(TabelaClean14[[#This Row],[qtde_batalhas]]<=10,"Baixo",TabelaClean14[[#This Row],[qtde_batalhas]]>=26,"Alto",TabelaClean14[[#This Row],[qtde_batalhas]]<26,"Médio")} -> Alto | S6: =IF(AND(TabelaClean14[[#This Row],[nivel_risco]]="Alto",TabelaClean14[[#This Row],[flag_inadimplente]]="Sim"),"Arriscado","Ok") -> Ok | T6: 57000 | U6: =IF(AND(TabelaClean14[[#This Row],[analise_risco]]="Arriscado",TabelaClean14[[#This Row],[analise_credito]]="Reprovado"),0,IF(TabelaClean14[[#This Row],[status]]="Ativo",TabelaClean14[[#This Row],[valor_solicitado]]*1.08,0)) -> 61560 | Y6: null | Z6: =PROPER(Y6) -> Null | AE6: 3400 | AF6: =TEXT(AE6,"000\.000\.000\-00") -> 000.000.034-00 | AJ6: 11100 moedas | AK6: 11100 | AM6: 63000 | AN6: 63000 | AO6: 63000 | AQ6: Ninho da Águia | AZ6: 000.000.180-00 | BA6: Ninho da Águia | BB6: 12200 | BC6: =IF(AND(TabelaClean14[[#This Row],[analise_risco]]="Arriscado",TabelaClean14[[#This Row],[analise_credito]]="Reprovado"),0,IF(TabelaClean14[[#This Row],[status]]="Ativo",TabelaClean14[[#This Row],[valor_solicitado]]*1.08,0)) -> 61560
A7: Ativo | B7: Roose Dondarrion | C7: 000.000.126-00 | D7: 53 | E7: 26620 | F7: =TabelaClean14[[#This Row],[CidadeCPF]] -> Ninho da Águia | G7: =TabelaClean14[[#This Row],[RegiaoCPF]] -> Vale | H7: =_xlfn.XLOOKUP(TabelaClean14[[#This Row],[cpf]],TabelaDirty[cpfclean],TabelaDirty[cidade]) -> Ninho da Águia | I7: =_xlfn.XLOOKUP(TabelaClean14[[#This Row],[cpf]],TabelaDirty[cpfclean],TabelaDirty[regiao]) -> vale | J7: =PROPER(TabelaClean14[[#This Row],[Coluna1]]) -> Vale | K7: =_xlfn.TEXTBEFORE(TabelaClean14[[#This Row],[CidadeCPF]]," | ") -> #N/A | L7: =_xlfn.TEXTAFTER(TabelaClean14[[#This Row],[CidadeCPF]]," | ") -> #N/A | M7: 21300 | N7: 79500 | O7: Não | P7: =IF(AND(TabelaClean14[[#This Row],[credito_tomado]]>50000, TabelaClean14[[#This Row],[flag_inadimplente]]="Sim"), "Reprovado", IF(OR(ISBLANK(TabelaClean14[[#This Row],[credito_tomado]]), ISBLANK(TabelaClean14[[#This Row],[flag_inadimplente]])), "null", "Aprovado")) -> Aprovado | Q7: 18 | R7: {=_xlfn.IFS(TabelaClean14[[#This Row],[qtde_batalhas]]<=10,"Baixo",TabelaClean14[[#This Row],[qtde_batalhas]]>=26,"Alto",TabelaClean14[[#This Row],[qtde_batalhas]]<26,"Médio")} -> Médio | S7: =IF(AND(TabelaClean14[[#This Row],[nivel_risco]]="Alto",TabelaClean14[[#This Row],[flag_inadimplente]]="Sim"),"Arriscado","Ok") -> Ok | T7: 19000 | U7: =IF(AND(TabelaClean14[[#This Row],[analise_risco]]="Arriscado",TabelaClean14[[#This Row],[analise_credito]]="Reprovado"),0,IF(TabelaClean14[[#This Row],[status]]="Ativo",TabelaClean14[[#This Row],[valor_solicitado]]*1.08,0)) -> 20520 | Y7: null | Z7: =PROPER(Y7) -> Null | AE7: 3800 | AF7: =TEXT(AE7,"000\.000\.000\-00") -> 000.000.038-00 | AJ7: 5100 | AK7: 5100 | AM7: 25000 | AN7: 25000 | AO7: 25000 | AQ7: Fosso Cailin | AZ7: 000.000.149-00 | BA7: Fosso Cailin | BB7: 21300 | BC7: =IF(AND(TabelaClean14[[#This Row],[analise_risco]]="Arriscado",TabelaClean14[[#This Row],[analise_credito]]="Reprovado"),0,IF(TabelaClean14[[#This Row],[status]]="Ativo",TabelaClean14[[#This Row],[valor_solicitado]]*1.08,0)) -> 20520
A8: Ativo | B8: Beric Umber | C8: 000.000.032-00 | D8: =_xlfn.XLOOKUP(TabelaClean14[[#This Row],[nome]],Base_Dirty!B:B,Base_Dirty!E:E) -> 73 | E8: =_xlfn.XLOOKUP(TabelaClean14[[#This Row],[nome]],Base_Dirty!$B:$B,Base_Dirty!F:F) -> 19538 | F8: Pedra do Dragão | G8: Terras Da Coroa | H8: terras da coroa | I8: 12700 | J8: 79500 | K8: Não | L8: 35 | M8: =_xlfn.XLOOKUP(TabelaClean14[[#This Row],[nome]],Base_Dirty!$B:$B,Base_Dirty!I:I) -> 12700 | N8: =_xlfn.XLOOKUP(TabelaClean14[[#This Row],[nome]],Base_Dirty!$B:$B,Base_Dirty!J:J) -> 79500 | O8: Não | P8: =IF(AND(TabelaClean14[[#This Row],[credito_tomado]]>50000, TabelaClean14[[#This Row],[flag_inadimplente]]="Sim"), "Reprovado", IF(OR(ISBLANK(TabelaClean14[[#This Row],[credito_tomado]]), ISBLANK(TabelaClean14[[#This Row],[flag_inadimplente]])), "null", "Aprovado")) -> Aprovado | Q8: =_xlfn.XLOOKUP(TabelaClean14[[#This Row],[nome]],Base_Dirty!$B:$B,Base_Dirty!L:L) -> 35 | R8: {=_xlfn.IFS(TabelaClean14[[#This Row],[qtde_batalhas]]<=10,"Baixo",TabelaClean14[[#This Row],[qtde_batalhas]]>=26,"Alto",TabelaClean14[[#This Row],[qtde_batalhas]]<26,"Médio")} -> Alto | S8: =IF(AND(TabelaClean14[[#This Row],[nivel_risco]]="Alto",TabelaClean14[[#This Row],[flag_inadimplente]]="Sim"),"Arriscado","Ok") -> Ok | T8: =_xlfn.XLOOKUP(TabelaClean14[[#This Row],[nome]],Base_Dirty!$B:$B,Base_Dirty!O:O) -> 39000 | U8: =IF(AND(TabelaClean14[[#This Row],[analise_risco]]="Arriscado",TabelaClean14[[#This Row],[analise_credito]]="Reprovado"),0,IF(TabelaClean14[[#This Row],[status]]="Ativo",TabelaClean14[[#This Row],[valor_solicitado]]*1.08,0)) -> 42120 | Y8: null | Z8: =PROPER(Y8) -> Null | AE8: 4900 | AF8: =TEXT(AE8,"000\.000\.000\-00") -> 000.000.049-00 | AJ8: 3800 | AK8: 3800 | AM8: 49500 | AN8: 49500 | AO8: 49500 | AQ8: Meereen | AZ8: 000.000.024-00 | BA8: Meereen | BB8: =_xlfn.XLOOKUP(TabelaClean14[[#This Row],[nome]],Base_Dirty!$B:$B,Base_Dirty!AX:AX) -> 0 | BC8: =IF(AND(TabelaClean14[[#This Row],[analise_risco]]="Arriscado",TabelaClean14[[#This Row],[analise_credito]]="Reprovado"),0,IF(TabelaClean14[[#This Row],[status]]="Ativo",TabelaClean14[[#This Row],[valor_solicitado]]*1.08,0)) -> 42120
A9: Ativo | B9: Meera Reed | C9: 000.000.280-00 | D9: =_xlfn.XLOOKUP(TabelaClean14[[#This Row],[nome]],Base_Dirty!B:B,Base_Dirty!E:E) -> 53 | E9: =_xlfn.XLOOKUP(TabelaClean14[[#This Row],[nome]],Base_Dirty!$B:$B,Base_Dirty!F:F) -> 26584 | F9: Fosso Cailin | G9: Norte | H9: Norte | I9: 12200 | J9: 79500 | K9: Nao | L9: 45 | M9: =_xlfn.XLOOKUP(TabelaClean14[[#This Row],[nome]],Base_Dirty!$B:$B,Base_Dirty!I:I) -> 12200 | N9: =_xlfn.XLOOKUP(TabelaClean14[[#This Row],[nome]],Base_Dirty!$B:$B,Base_Dirty!J:J) -> 79500 | O9: Nao | P9: =IF(AND(TabelaClean14[[#This Row],[credito_tomado]]>50000, TabelaClean14[[#This Row],[flag_inadimplente]]="Sim"), "Reprovado", IF(OR(ISBLANK(TabelaClean14[[#This Row],[credito_tomado]]), ISBLANK(TabelaClean14[[#This Row],[flag_inadimplente]])), "null", "Aprovado")) -> Aprovado | Q9: =_xlfn.XLOOKUP(TabelaClean14[[#This Row],[nome]],Base_Dirty!$B:$B,Base_Dirty!L:L) -> 45 | R9: {=_xlfn.IFS(TabelaClean14[[#This Row],[qtde_batalhas]]<=10,"Baixo",TabelaClean14[[#This Row],[qtde_batalhas]]>=26,"Alto",TabelaClean14[[#This Row],[qtde_batalhas]]<26,"Médio")} -> Alto | S9: =IF(AND(TabelaClean14[[#This Row],[nivel_risco]]="Alto",TabelaClean14[[#This Row],[flag_inadimplente]]="Sim"),"Arriscado","Ok") -> Ok | T9: =_xlfn.XLOOKUP(TabelaClean14[[#This Row],[nome]],Base_Dirty!$B:$B,Base_Dirty!O:O) -> 57000 | U9: =IF(AND(TabelaClean14[[#This Row],[analise_risco]]="Arriscado",TabelaClean14[[#This Row],[analise_credito]]="Reprovado"),0,IF(TabelaClean14[[#This Row],[status]]="Ativo",TabelaClean14[[#This Row],[valor_solicitado]]*1.08,0)) -> 61560 | Y9: ILHAS DE FERRO | Z9: =PROPER(Y9) -> Ilhas De Ferro | AE9: 6300 | AF9: =TEXT(AE9,"000\.000\.000\-00") -> 000.000.063-00 | AJ9: 14900 | AK9: 14900 | AM9: 17000 | AN9: 17000 | AO9: 17000 | AQ9: Harrenhal | AZ9: 000.000.143-00 | BA9: Harrenhal | BB9: =_xlfn.XLOOKUP(TabelaClean14[[#This Row],[nome]],Base_Dirty!$B:$B,Base_Dirty!AX:AX) -> 0 | BC9: =IF(AND(TabelaClean14[[#This Row],[analise_risco]]="Arriscado",TabelaClean14[[#This Row],[analise_credito]]="Reprovado"),0,IF(TabelaClean14[[#This Row],[status]]="Ativo",TabelaClean14[[#This Row],[valor_solicitado]]*1.08,0)) -> 61560
A10: Ativo | B10: Meera Reed | C10: =_xlfn.XLOOKUP(TabelaClean14[[#This Row],[nome]],Base_Dirty!$B:$B,Base_Dirty!D:D) -> 000.000.314-00 | D10: =_xlfn.XLOOKUP(TabelaClean14[[#This Row],[nome]],Base_Dirty!B:B,Base_Dirty!E:E) -> 53 | E10: 53 | F10: Fosso Cailin | G10: Norte | H10: Norte | I10: 12200 | J10: 79500 | K10: Nao | L10: 45 | M10: =_xlfn.XLOOKUP(TabelaClean14[[#This Row],[nome]],Base_Dirty!$B:$B,Base_Dirty!I:I) -> 12200 | N10: =_xlfn.XLOOKUP(TabelaClean14[[#This Row],[nome]],Base_Dirty!$B:$B,Base_Dirty!J:J) -> 79500 | O10: Não | P10: =IF(AND(TabelaClean14[[#This Row],[credito_tomado]]>50000, TabelaClean14[[#This Row],[flag_inadimplente]]="Sim"), "Reprovado", IF(OR(ISBLANK(TabelaClean14[[#This Row],[credito_tomado]]), ISBLANK(TabelaClean14[[#This Row],[flag_inadimplente]])), "null", "Aprovado")) -> Aprovado | Q10: =_xlfn.XLOOKUP(TabelaClean14[[#This Row],[nome]],Base_Dirty!$B:$B,Base_Dirty!L:L) -> 45 | R10: {=_xlfn.IFS(TabelaClean14[[#This Row],[qtde_batalhas]]<=10,"Baixo",TabelaClean14[[#This Row],[qtde_batalhas]]>=26,"Alto",TabelaClean14[[#This Row],[qtde_batalhas]]<26,"Médio")} -> Alto | S10: =IF(AND(TabelaClean14[[#This Row],[nivel_risco]]="Alto",TabelaClean14[[#This Row],[flag_inadimplente]]="Sim"),"Arriscado","Ok") -> Ok | T10: =_xlfn.XLOOKUP(TabelaClean14[[#This Row],[nome]],Base_Dirty!$B:$B,Base_Dirty!O:O) -> 57000 | U10: =IF(AND(TabelaClean14[[#This Row],[analise_risco]]="Arriscado",TabelaClean14[[#This Row],[analise_credito]]="Reprovado"),0,IF(TabelaClean14[[#This Row],[status]]="Ativo",TabelaClean14[[#This Row],[valor_solicitado]]*1.08,0)) -> 61560 | Y10: null | Z10: =PROPER(Y10) -> Null | AE10: 6400 | AF10: =TEXT(AE10,"000\.000\.000\-00") -> 000.000.064-00 | AJ10: 16800 | AK10: 16800 | AM10: 79500 | AN10: 79500 | AO10: 79500 | AQ10: Atalaia da Água Cinzenta | AZ10: 000.000.012-00 | BA10: Atalaia da Água Cinzenta | BB10: =_xlfn.XLOOKUP(TabelaClean14[[#This Row],[nome]],Base_Dirty!$B:$B,Base_Dirty!AX:AX) -> 0 | BC10: =IF(AND(TabelaClean14[[#This Row],[analise_risco]]="Arriscado",TabelaClean14[[#This Row],[analise_credito]]="Reprovado"),0,IF(TabelaClean14[[#This Row],[status]]="Ativo",TabelaClean14[[#This Row],[valor_solicitado]]*1.08,0)) -> 61560
A11: Inativo | B11: Eddard Dayne | C11: 000.000.032-00 | D11: 31 | E11: 34746 | F11: =TabelaClean14[[#This Row],[CidadeCPF]] -> Braavos | G11: =TabelaClean14[[#This Row],[RegiaoCPF]] -> Essos | H11: =_xlfn.XLOOKUP(TabelaClean14[[#This Row],[cpf]],TabelaDirty[cpfclean],TabelaDirty[cidade]) -> Braavos | I11: =_xlfn.XLOOKUP(TabelaClean14[[#This Row],[cpf]],TabelaDirty[cpfclean],TabelaDirty[regiao]) -> ESSOS | J11: =PROPER(TabelaClean14[[#This Row],[Coluna1]]) -> Essos | K11: =_xlfn.TEXTBEFORE(TabelaClean14[[#This Row],[CidadeCPF]]," | ") -> #N/A | L11: =_xlfn.TEXTAFTER(TabelaClean14[[#This Row],[CidadeCPF]]," | ") -> #N/A | M11: 18200 | N11: 78500 | O11: Não | P11: =IF(AND(TabelaClean14[[#This Row],[credito_tomado]]>50000, TabelaClean14[[#This Row],[flag_inadimplente]]="Sim"), "Reprovado", IF(OR(ISBLANK(TabelaClean14[[#This Row],[credito_tomado]]), ISBLANK(TabelaClean14[[#This Row],[flag_inadimplente]])), "null", "Aprovado")) -> Aprovado | Q11: 9 | R11: {=_xlfn.IFS(TabelaClean14[[#This Row],[qtde_batalhas]]<=10,"Baixo",TabelaClean14[[#This Row],[qtde_batalhas]]>=26,"Alto",TabelaClean14[[#This Row],[qtde_batalhas]]<26,"Médio")} -> Baixo | S11: =IF(AND(TabelaClean14[[#This Row],[nivel_risco]]="Alto",TabelaClean14[[#This Row],[flag_inadimplente]]="Sim"),"Arriscado","Ok") -> Ok | T11: 73000 | U11: =IF(AND(TabelaClean14[[#This Row],[analise_risco]]="Arriscado",TabelaClean14[[#This Row],[analise_credito]]="Reprovado"),0,IF(TabelaClean14[[#This Row],[status]]="Ativo",TabelaClean14[[#This Row],[valor_solicitado]]*1.08,0)) -> 0 | Y11: null | Z11: =PROPER(Y11) -> Null | AE11: 6900 | AF11: =TEXT(AE11,"000\.000\.000\-00") -> 000.000.069-00 | AJ11: 21600 | AK11: 21600 | AM11: 25000 | AN11: 25000 | AO11: 25000 | AQ11: Solar do Entardecer | AZ11: 000.000.028-00 | BA11: Solar do Entardecer | BB11: 18200 | BC11: =IF(AND(TabelaClean14[[#This Row],[analise_risco]]="Arriscado",TabelaClean14[[#This Row],[analise_credito]]="Reprovado"),0,IF(TabelaClean14[[#This Row],[status]]="Ativo",TabelaClean14[[#This Row],[valor_solicitado]]*1.08,0)) -> 0
A12: Ativo | B12: Jeor Florent | C12: 000.000.249-00 | D12: 27 | E12: 36319 | F12: =TabelaClean14[[#This Row],[CidadeCPF]] -> Ponta Tempestade | G12: =TabelaClean14[[#This Row],[RegiaoCPF]] -> Terras Da Tempestade | H12: =_xlfn.XLOOKUP(TabelaClean14[[#This Row],[cpf]],TabelaDirty[cpfclean],TabelaDirty[cidade]) -> Ponta Tempestade | I12: =_xlfn.XLOOKUP(TabelaClean14[[#This Row],[cpf]],TabelaDirty[cpfclean],TabelaDirty[regiao]) -> terras da tempestade | J12: =PROPER(TabelaClean14[[#This Row],[Coluna1]]) -> Terras Da Tempestade | K12: =_xlfn.TEXTBEFORE(TabelaClean14[[#This Row],[CidadeCPF]]," | ") -> #N/A | L12: =_xlfn.TEXTAFTER(TabelaClean14[[#This Row],[CidadeCPF]]," | ") -> #N/A | M12: 28800 | N12: 78500 | O12: Não | P12: =IF(AND(TabelaClean14[[#This Row],[credito_tomado]]>50000, TabelaClean14[[#This Row],[flag_inadimplente]]="Sim"), "Reprovado", IF(OR(ISBLANK(TabelaClean14[[#This Row],[credito_tomado]]), ISBLANK(TabelaClean14[[#This Row],[flag_inadimplente]])), "null", "Aprovado")) -> Aprovado | Q12: 2 | R12: {=_xlfn.IFS(TabelaClean14[[#This Row],[qtde_batalhas]]<=10,"Baixo",TabelaClean14[[#This Row],[qtde_batalhas]]>=26,"Alto",TabelaClean14[[#This Row],[qtde_batalhas]]<26,"Médio")} -> Baixo | S12: =IF(AND(TabelaClean14[[#This Row],[nivel_risco]]="Alto",TabelaClean14[[#This Row],[flag_inadimplente]]="Sim"),"Arriscado","Ok") -> Ok | T12: 53000 | U12: =IF(AND(TabelaClean14[[#This Row],[analise_risco]]="Arriscado",TabelaClean14[[#This Row],[analise_credito]]="Reprovado"),0,IF(TabelaClean14[[#This Row],[status]]="Ativo",TabelaClean14[[#This Row],[valor_solicitado]]*1.08,0)) -> 57240 | Y12: Terras Fluviais | Z12: =PROPER(Y12) -> Terras Fluviais | AE12: 7700 | AF12: =TEXT(AE12,"000\.000\.000\-00") -> 000.000.077-00 | AJ12: 3800 moedas | AK12: 3800 | AM12: 0 | AN12: 0 | AO12: 0 | AQ12: Braavos | AZ12: 000.000.169-00 | BA12: Braavos | BB12: 28800 | BC12: =IF(AND(TabelaClean14[[#This Row],[analise_risco]]="Arriscado",TabelaClean14[[#This Row],[analise_credito]]="Reprovado"),0,IF(TabelaClean14[[#This Row],[status]]="Ativo",TabelaClean14[[#This Row],[valor_solicitado]]*1.08,0)) -> 57240
A13: Ativo | B13: Petyr Swyft | C13: 000.000.275-00 | D13: 36 | E13: 33117 | F13: =TabelaClean14[[#This Row],[CidadeCPF]] -> Atalaia da Água Cinzenta | G13: =TabelaClean14[[#This Row],[RegiaoCPF]] -> Gargalo | H13: =_xlfn.XLOOKUP(TabelaClean14[[#This Row],[cpf]],TabelaDirty[cpfclean],TabelaDirty[cidade]) -> Atalaia da Água Cinzenta | I13: =_xlfn.XLOOKUP(TabelaClean14[[#This Row],[cpf]],TabelaDirty[cpfclean],TabelaDirty[regiao]) -> Gargalo | J13: =PROPER(TabelaClean14[[#This Row],[Coluna1]]) -> Gargalo | K13: =_xlfn.TEXTBEFORE(TabelaClean14[[#This Row],[CidadeCPF]]," | ") -> #N/A | L13: =_xlfn.TEXTAFTER(TabelaClean14[[#This Row],[CidadeCPF]]," | ") -> #N/A | M13: 11600 | N13: 78500 | O13: Não | P13: =IF(AND(TabelaClean14[[#This Row],[credito_tomado]]>50000, TabelaClean14[[#This Row],[flag_inadimplente]]="Sim"), "Reprovado", IF(OR(ISBLANK(TabelaClean14[[#This Row],[credito_tomado]]), ISBLANK(TabelaClean14[[#This Row],[flag_inadimplente]])), "null", "Aprovado")) -> Aprovado | Q13: 1 | R13: {=_xlfn.IFS(TabelaClean14[[#This Row],[qtde_batalhas]]<=10,"Baixo",TabelaClean14[[#This Row],[qtde_batalhas]]>=26,"Alto",TabelaClean14[[#This Row],[qtde_batalhas]]<26,"Médio")} -> Baixo | S13: =IF(AND(TabelaClean14[[#This Row],[nivel_risco]]="Alto",TabelaClean14[[#This Row],[flag_inadimplente]]="Sim"),"Arriscado","Ok") -> Ok | T13: 42000 | U13: =IF(AND(TabelaClean14[[#This Row],[analise_risco]]="Arriscado",TabelaClean14[[#This Row],[analise_credito]]="Reprovado"),0,IF(TabelaClean14[[#This Row],[status]]="Ativo",TabelaClean14[[#This Row],[valor_solicitado]]*1.08,0)) -> 45360 | Y13: null | Z13: =PROPER(Y13) -> Null | AE13: 8200 | AF13: =TEXT(AE13,"000\.000\.000\-00") -> 000.000.082-00 | AJ13: 25200 | AK13: 25200 | AM13: 59500 | AN13: 59500 | AO13: 59500 | AQ13: Jardim de Cima | AZ13: 000.000.257-00 | BA13: Jardim de Cima | BB13: 11600 | BC13: =IF(AND(TabelaClean14[[#This Row],[analise_risco]]="Arriscado",TabelaClean14[[#This Row],[analise_credito]]="Reprovado"),0,IF(TabelaClean14[[#This Row],[status]]="Ativo",TabelaClean14[[#This Row],[valor_solicitado]]*1.08,0)) -> 45360
A14: Inativo | B14: Thoros Hornwood | C14: 000.000.245-00 | D14: 65 | E14: 22205 | F14: =TabelaClean14[[#This Row],[CidadeCPF]] -> Castelo Negro | G14: =TabelaClean14[[#This Row],[RegiaoCPF]] -> Norte | H14: =_xlfn.XLOOKUP(TabelaClean14[[#This Row],[cpf]],TabelaDirty[cpfclean],TabelaDirty[cidade]) -> Castelo Negro | I14: =_xlfn.XLOOKUP(TabelaClean14[[#This Row],[cpf]],TabelaDirty[cpfclean],TabelaDirty[regiao]) -> Norte | J14: =PROPER(TabelaClean14[[#This Row],[Coluna1]]) -> Norte | K14: =_xlfn.TEXTBEFORE(TabelaClean14[[#This Row],[CidadeCPF]]," | ") -> #N/A | L14: =_xlfn.TEXTAFTER(TabelaClean14[[#This Row],[CidadeCPF]]," | ") -> #N/A | M14: 19800 | N14: 78500 | O14: Não | P14: =IF(AND(TabelaClean14[[#This Row],[credito_tomado]]>50000, TabelaClean14[[#This Row],[flag_inadimplente]]="Sim"), "Reprovado", IF(OR(ISBLANK(TabelaClean14[[#This Row],[credito_tomado]]), ISBLANK(TabelaClean14[[#This Row],[flag_inadimplente]])), "null", "Aprovado")) -> Aprovado | Q14: 34 | R14: {=_xlfn.IFS(TabelaClean14[[#This Row],[qtde_batalhas]]<=10,"Baixo",TabelaClean14[[#This Row],[qtde_batalhas]]>=26,"Alto",TabelaClean14[[#This Row],[qtde_batalhas]]<26,"Médio")} -> Alto | S14: =IF(AND(TabelaClean14[[#This Row],[nivel_risco]]="Alto",TabelaClean14[[#This Row],[flag_inadimplente]]="Sim"),"Arriscado","Ok") -> Ok | T14: 23000 | U14: =IF(AND(TabelaClean14[[#This Row],[analise_risco]]="Arriscado",TabelaClean14[[#This Row],[analise_credito]]="Reprovado"),0,IF(TabelaClean14[[#This Row],[status]]="Ativo",TabelaClean14[[#This Row],[valor_solicitado]]*1.08,0)) -> 0 | Y14: Essos | Z14: =PROPER(Y14) -> Essos | AE14: 8600 | AF14: =TEXT(AE14,"000\.000\.000\-00") -> 000.000.086-00 | AJ14: 16300 | AK14: 16300 | AM14: 16500 | AN14: 16500 | AO14: 16500 | AQ14: Vilavelha | AZ14: 000.000.108-00 | BA14: Vilavelha | BB14: 19800 | BC14: =IF(AND(TabelaClean14[[#This Row],[analise_risco]]="Arriscado",TabelaClean14[[#This Row],[analise_credito]]="Reprovado"),0,IF(TabelaClean14[[#This Row],[status]]="Ativo",TabelaClean14[[#This Row],[valor_solicitado]]*1.08,0)) -> 0
A15: Inativo | B15: Thoros Hornwood | C15: 000.000.245-00 | D15: 65 | E15: 22205 | F15: Castelo Negro | G15: Norte | H15: 19800 | I15: 78500 | J15: Não | K15: 34 | M15: 84000 | N15: 78500 | O15: Não | P15: =IF(AND(TabelaClean14[[#This Row],[credito_tomado]]>50000, TabelaClean14[[#This Row],[flag_inadimplente]]="Sim"), "Reprovado", IF(OR(ISBLANK(TabelaClean14[[#This Row],[credito_tomado]]), ISBLANK(TabelaClean14[[#This Row],[flag_inadimplente]])), "null", "Aprovado")) -> Aprovado | Q15: 34 | R15: {=_xlfn.IFS(TabelaClean14[[#This Row],[qtde_batalhas]]<=10,"Baixo",TabelaClean14[[#This Row],[qtde_batalhas]]>=26,"Alto",TabelaClean14[[#This Row],[qtde_batalhas]]<26,"Médio")} -> Alto | S15: =IF(AND(TabelaClean14[[#This Row],[nivel_risco]]="Alto",TabelaClean14[[#This Row],[flag_inadimplente]]="Sim"),"Arriscado","Ok") -> Ok | T15: 84000 | U15: =IF(AND(TabelaClean14[[#This Row],[analise_risco]]="Arriscado",TabelaClean14[[#This Row],[analise_credito]]="Reprovado"),0,IF(TabelaClean14[[#This Row],[status]]="Ativo",TabelaClean14[[#This Row],[valor_solicitado]]*1.08,0)) -> 0 | Y15: null | Z15: =PROPER(Y15) -> Null | AE15: 9600 | AF15: =TEXT(AE15,"000\.000\.000\-00") -> 000.000.096-00 | AJ15: 16100 | AK15: 16100 | AM15: 8000 | AN15: 8000 | AO15: 8000 | AQ15: Fosso Cailin | AZ15: 000.000.091-00 | BA15: Fosso Cailin | BB15: 84000 | BC15: =IF(AND(TabelaClean14[[#This Row],[analise_risco]]="Arriscado",TabelaClean14[[#This Row],[analise_credito]]="Reprovado"),0,IF(TabelaClean14[[#This Row],[status]]="Ativo",TabelaClean14[[#This Row],[valor_solicitado]]*1.08,0)) -> 0
A16: Ativo | B16: Aegon Baelish | C16: 000.000.240-00 | D16: 47 | E16: 29031 | F16: =TabelaClean14[[#This Row],[CidadeClean]] -> Meereen | G16: =TabelaClean14[[#This Row],[RegiaoClean]] -> Essos | H16: =_xlfn.XLOOKUP(TabelaClean14[[#This Row],[cpf]],TabelaDirty[cpfclean],TabelaDirty[cidade]) -> Meereen | Essos | I16: =_xlfn.XLOOKUP(TabelaClean14[[#This Row],[cpf]],TabelaDirty[cpfclean],TabelaDirty[regiao]) -> 0 | J16: Essos | K16: =_xlfn.TEXTBEFORE(TabelaClean14[[#This Row],[CidadeCPF]]," | ") -> Meereen | L16: =_xlfn.TEXTAFTER(TabelaClean14[[#This Row],[CidadeCPF]]," | ") -> Essos | M16: 28400 | N16: 78000 | O16: Não | P16: =IF(AND(TabelaClean14[[#This Row],[credito_tomado]]>50000, TabelaClean14[[#This Row],[flag_inadimplente]]="Sim"), "Reprovado", IF(OR(ISBLANK(TabelaClean14[[#This Row],[credito_tomado]]), ISBLANK(TabelaClean14[[#This Row],[flag_inadimplente]])), "null", "Aprovado")) -> Aprovado | Q16: 37 | R16: {=_xlfn.IFS(TabelaClean14[[#This Row],[qtde_batalhas]]<=10,"Baixo",TabelaClean14[[#This Row],[qtde_batalhas]]>=26,"Alto",TabelaClean14[[#This Row],[qtde_batalhas]]<26,"Médio")} -> Alto | S16: =IF(AND(TabelaClean14[[#This Row],[nivel_risco]]="Alto",TabelaClean14[[#This Row],[flag_inadimplente]]="Sim"),"Arriscado","Ok") -> Ok | T16: 99000 | U16: =IF(AND(TabelaClean14[[#This Row],[analise_risco]]="Arriscado",TabelaClean14[[#This Row],[analise_credito]]="Reprovado"),0,IF(TabelaClean14[[#This Row],[status]]="Ativo",TabelaClean14[[#This Row],[valor_solicitado]]*1.08,0)) -> 106920 | Y16: null | Z16: =PROPER(Y16) -> Null | AE16: 9800 | AF16: =TEXT(AE16,"000\.000\.000\-00") -> 000.000.098-00 | AJ16: 19400 | AK16: 19400 | AM16: 4000 | AN16: 4000 | AO16: 4000 | AQ16: Castelo Negro | AZ16: 000.000.270-00 | BA16: Castelo Negro | BB16: 28400 | BC16: =IF(AND(TabelaClean14[[#This Row],[analise_risco]]="Arriscado",TabelaClean14[[#This Row],[analise_credito]]="Reprovado"),0,IF(TabelaClean14[[#This Row],[status]]="Ativo",TabelaClean14[[#This Row],[valor_solicitado]]*1.08,0)) -> 106920
A17: Inativo | B17: Gilly Frey | C17: 000.000.258-00 | D17: 33 | E17: 34154 | F17: =TabelaClean14[[#This Row],[CidadeCPF]] -> Castelo Negro | G17: =TabelaClean14[[#This Row],[RegiaoCPF]] -> Norte | H17: =_xlfn.XLOOKUP(TabelaClean14[[#This Row],[cpf]],TabelaDirty[cpfclean],TabelaDirty[cidade]) -> Castelo Negro | I17: =_xlfn.XLOOKUP(TabelaClean14[[#This Row],[cpf]],TabelaDirty[cpfclean],TabelaDirty[regiao]) -> Norte | J17: =PROPER(TabelaClean14[[#This Row],[Coluna1]]) -> Norte | K17: =_xlfn.TEXTBEFORE(TabelaClean14[[#This Row],[CidadeCPF]]," | ") -> #N/A | L17: =_xlfn.TEXTAFTER(TabelaClean14[[#This Row],[CidadeCPF]]," | ") -> #N/A | M17: 2400 | N17: 78000 | O17: Não | P17: =IF(AND(TabelaClean14[[#This Row],[credito_tomado]]>50000, TabelaClean14[[#This Row],[flag_inadimplente]]="Sim"), "Reprovado", IF(OR(ISBLANK(TabelaClean14[[#This Row],[credito_tomado]]), ISBLANK(TabelaClean14[[#This Row],[flag_inadimplente]])), "null", "Aprovado")) -> Aprovado | Q17: 6 | R17: {=_xlfn.IFS(TabelaClean14[[#This Row],[qtde_batalhas]]<=10,"Baixo",TabelaClean14[[#This Row],[qtde_batalhas]]>=26,"Alto",TabelaClean14[[#This Row],[qtde_batalhas]]<26,"Médio")} -> Baixo | S17: =IF(AND(TabelaClean14[[#This Row],[nivel_risco]]="Alto",TabelaClean14[[#This Row],[flag_inadimplente]]="Sim"),"Arriscado","Ok") -> Ok | T17: 28000 | U17: =IF(AND(TabelaClean14[[#This Row],[analise_risco]]="Arriscado",TabelaClean14[[#This Row],[analise_credito]]="Reprovado"),0,IF(TabelaClean14[[#This Row],[status]]="Ativo",TabelaClean14[[#This Row],[valor_solicitado]]*1.08,0)) -> 0 | Y17: null | Z17: =PROPER(Y17) -> Null | AE17: 9900 | AF17: =TEXT(AE17,"000\.000\.000\-00") -> 000.000.099-00 | AJ17: 21500 moedas | AK17: 21500 | AM17: N/A | AN17: null | AO17: null | AQ17: Solar do Entardecer | AZ17: 000.000.344-00 | BA17: Solar do Entardecer | BB17: 2400 | BC17: =IF(AND(TabelaClean14[[#This Row],[analise_risco]]="Arriscado",TabelaClean14[[#This Row],[analise_credito]]="Reprovado"),0,IF(TabelaClean14[[#This Row],[status]]="Ativo",TabelaClean14[[#This Row],[valor_solicitado]]*1.08,0)) -> 0
A18: Inativo | B18: Renly Redwyne | C18: 000.000.045-00 | D18: 66 | E18: 21954 | F18: =TabelaClean14[[#This Row],[CidadeCPF]] -> Porto Real | G18: =TabelaClean14[[#This Row],[RegiaoCPF]] -> Terras Da Coroa | H18: =_xlfn.XLOOKUP(TabelaClean14[[#This Row],[cpf]],TabelaDirty[cpfclean],TabelaDirty[cidade]) -> Porto Real | I18: =_xlfn.XLOOKUP(TabelaClean14[[#This Row],[cpf]],TabelaDirty[cpfclean],TabelaDirty[regiao]) -> TERRAS DA COROA | J18: =PROPER(TabelaClean14[[#This Row],[Coluna1]]) -> Terras Da Coroa | K18: =_xlfn.TEXTBEFORE(TabelaClean14[[#This Row],[CidadeCPF]]," | ") -> #N/A | L18: =_xlfn.TEXTAFTER(TabelaClean14[[#This Row],[CidadeCPF]]," | ") -> #N/A | M18: 3400 | N18: 78000 | O18: Não | P18: =IF(AND(TabelaClean14[[#This Row],[credito_tomado]]>50000, TabelaClean14[[#This Row],[flag_inadimplente]]="Sim"), "Reprovado", IF(OR(ISBLANK(TabelaClean14[[#This Row],[credito_tomado]]), ISBLANK(TabelaClean14[[#This Row],[flag_inadimplente]])), "null", "Aprovado")) -> Aprovado | Q18: 9 | R18: {=_xlfn.IFS(TabelaClean14[[#This Row],[qtde_batalhas]]<=10,"Baixo",TabelaClean14[[#This Row],[qtde_batalhas]]>=26,"Alto",TabelaClean14[[#This Row],[qtde_batalhas]]<26,"Médio")} -> Baixo | S18: =IF(AND(TabelaClean14[[#This Row],[nivel_risco]]="Alto",TabelaClean14[[#This Row],[flag_inadimplente]]="Sim"),"Arriscado","Ok") -> Ok | T18: 51500 | U18: =IF(AND(TabelaClean14[[#This Row],[analise_risco]]="Arriscado",TabelaClean14[[#This Row],[analise_credito]]="Reprovado"),0,IF(TabelaClean14[[#This Row],[status]]="Ativo",TabelaClean14[[#This Row],[valor_solicitado]]*1.08,0)) -> 0 | Y18: null | Z18: =PROPER(Y18) -> Null | AE18: 10200 | AF18: =TEXT(AE18,"000\.000\.000\-00") -> 000.000.102-00 | AJ18: 13800 | AK18: 13800 | AM18: 41500 | AN18: 41500 | AO18: 41500 | AQ18: Monte Chifre | AZ18: 000.000.080-00 | BA18: Monte Chifre | BB18: 3400 | BC18: =IF(AND(TabelaClean14[[#This Row],[analise_risco]]="Arriscado",TabelaClean14[[#This Row],[analise_credito]]="Reprovado"),0,IF(TabelaClean14[[#This Row],[status]]="Ativo",TabelaClean14[[#This Row],[valor_solicitado]]*1.08,0)) -> 0
A19: inativo | B19: Varys Tallhart | C19: =_xlfn.XLOOKUP(TabelaClean14[[#This Row],[nome]],Base_Dirty!$B:$B,Base_Dirty!D:D) -> 000.000.000-00 | D19: =_xlfn.XLOOKUP(TabelaClean14[[#This Row],[nome]],Base_Dirty!B:B,Base_Dirty!E:E) -> 61 | E19: =_xlfn.XLOOKUP(TabelaClean14[[#This Row],[nome]],Base_Dirty!$B:$B,Base_Dirty!F:F) -> 23932 | F19: Correrrio | G19: Terras Fluviais | H19: Terras Fluviais | I19: 4100 | J19: 78000 | K19: Não | L19: 25 | M19: =_xlfn.XLOOKUP(TabelaClean14[[#This Row],[nome]],Base_Dirty!$B:$B,Base_Dirty!I:I) -> 4100 | N19: =_xlfn.XLOOKUP(TabelaClean14[[#This Row],[nome]],Base_Dirty!$B:$B,Base_Dirty!J:J) -> 78000 | O19: Não | P19: =IF(AND(TabelaClean14[[#This Row],[credito_tomado]]>50000, TabelaClean14[[#This Row],[flag_inadimplente]]="Sim"), "Reprovado", IF(OR(ISBLANK(TabelaClean14[[#This Row],[credito_tomado]]), ISBLANK(TabelaClean14[[#This Row],[flag_inadimplente]])), "null", "Aprovado")) -> Aprovado | Q19: =_xlfn.XLOOKUP(TabelaClean14[[#This Row],[nome]],Base_Dirty!$B:$B,Base_Dirty!L:L) -> 25 | R19: {=_xlfn.IFS(TabelaClean14[[#This Row],[qtde_batalhas]]<=10,"Baixo",TabelaClean14[[#This Row],[qtde_batalhas]]>=26,"Alto",TabelaClean14[[#This Row],[qtde_batalhas]]<26,"Médio")} -> Médio | S19: =IF(AND(TabelaClean14[[#This Row],[nivel_risco]]="Alto",TabelaClean14[[#This Row],[flag_inadimplente]]="Sim"),"Arriscado","Ok") -> Ok | T19: =_xlfn.XLOOKUP(TabelaClean14[[#This Row],[nome]],Base_Dirty!$B:$B,Base_Dirty!O:O) -> 48000 | U19: =IF(AND(TabelaClean14[[#This Row],[analise_risco]]="Arriscado",TabelaClean14[[#This Row],[analise_credito]]="Reprovado"),0,IF(TabelaClean14[[#This Row],[status]]="Ativo",TabelaClean14[[#This Row],[valor_solicitado]]*1.08,0)) -> 0 | Y19: null | Z19: =PROPER(Y19) -> Null | AE19: 10800 | AF19: =TEXT(AE19,"000\.000\.000\-00") -> 000.000.108-00 | AJ19: 8400 | AK19: 8400 | AM19: 62500 | AN19: 62500 | AO19: 62500 | AQ19: Fosso Cailin | AZ19: 000.000.051-00 | BA19: Fosso Cailin | BB19: =_xlfn.XLOOKUP(TabelaClean14[[#This Row],[nome]],Base_Dirty!$B:$B,Base_Dirty!AX:AX) -> 0 | BC19: =IF(AND(TabelaClean14[[#This Row],[analise_risco]]="Arriscado",TabelaClean14[[#This Row],[analise_credito]]="Reprovado"),0,IF(TabelaClean14[[#This Row],[status]]="Ativo",TabelaClean14[[#This Row],[valor_solicitado]]*1.08,0)) -> 0
A20: Inativo | B20: Eddard Stark | C20: 000.000.015-00 | D20: 55 | E20: 26142 | F20: =TabelaClean14[[#This Row],[CidadeCPF]] -> Ninho da Águia | G20: =TabelaClean14[[#This Row],[RegiaoCPF]] -> Vale | H20: =_xlfn.XLOOKUP(TabelaClean14[[#This Row],[cpf]],TabelaDirty[cpfclean],TabelaDirty[cidade]) -> Ninho da Águia | I20: =_xlfn.XLOOKUP(TabelaClean14[[#This Row],[cpf]],TabelaDirty[cpfclean],TabelaDirty[regiao]) -> VALE | J20: =PROPER(TabelaClean14[[#This Row],[Coluna1]]) -> Vale | K20: =_xlfn.TEXTBEFORE(TabelaClean14[[#This Row],[CidadeCPF]]," | ") -> #N/A | L20: =_xlfn.TEXTAFTER(TabelaClean14[[#This Row],[CidadeCPF]]," | ") -> #N/A | M20: 29700 | N20: 78000 | O20: Sim | P20: =IF(AND(TabelaClean14[[#This Row],[credito_tomado]]>50000, TabelaClean14[[#This Row],[flag_inadimplente]]="Sim"), "Reprovado", IF(OR(ISBLANK(TabelaClean14[[#This Row],[credito_tomado]]), ISBLANK(TabelaClean14[[#This Row],[flag_inadimplente]])), "null", "Aprovado")) -> Reprovado | Q20: 14 | R20: {=_xlfn.IFS(TabelaClean14[[#This Row],[qtde_batalhas]]<=10,"Baixo",TabelaClean14[[#This Row],[qtde_batalhas]]>=26,"Alto",TabelaClean14[[#This Row],[qtde_batalhas]]<26,"Médio")} -> Médio | S20: =IF(AND(TabelaClean14[[#This Row],[nivel_risco]]="Alto",TabelaClean14[[#This Row],[flag_inadimplente]]="Sim"),"Arriscado","Ok") -> Ok | T20: 27000 | U20: =IF(AND(TabelaClean14[[#This Row],[analise_risco]]="Arriscado",TabelaClean14[[#This Row],[analise_credito]]="Reprovado"),0,IF(TabelaClean14[[#This Row],[status]]="Ativo",TabelaClean14[[#This Row],[valor_solicitado]]*1.08,0)) -> 0 | Y20: Ilhas de Ferro | Z20: =PROPER(Y20) -> Ilhas De Ferro | AE20: 11600 | AF20: =TEXT(AE20,"000\.000\.000\-00") -> 000.000.116-00 | AJ20: 17600 moedas | AK20: 17600 | AM20: 0 | AN20: 0 | AO20: 0 | AQ20: Monte Chifre | AZ20: 000.000.253-00 | BA20: Monte Chifre | BB20: 29700 | BC20: =IF(AND(TabelaClean14[[#This Row],[analise_risco]]="Arriscado",TabelaClean14[[#This Row],[analise_credito]]="Reprovado"),0,IF(TabelaClean14[[#This Row],[status]]="Ativo",TabelaClean14[[#This Row],[valor_solicitado]]*1.08,0)) -> 0
A21: Inativo | B21: Jeor Baelish | C21: 000.000.332-00 | D21: 66 | E21: 22039 | F21: =TabelaClean14[[#This Row],[CidadeCPF]] -> Dorne | G21: =TabelaClean14[[#This Row],[RegiaoCPF]] -> Dorne | H21: =_xlfn.XLOOKUP(TabelaClean14[[#This Row],[cpf]],TabelaDirty[cpfclean],TabelaDirty[cidade]) -> Dorne | I21: =_xlfn.XLOOKUP(TabelaClean14[[#This Row],[cpf]],TabelaDirty[cpfclean],TabelaDirty[regiao]) -> dorne | J21: =PROPER(TabelaClean14[[#This Row],[Coluna1]]) -> Dorne | K21: =_xlfn.TEXTBEFORE(TabelaClean14[[#This Row],[CidadeCPF]]," | ") -> #N/A | L21: =_xlfn.TEXTAFTER(TabelaClean14[[#This Row],[CidadeCPF]]," | ") -> #N/A | M21: 14300 | N21: 78000 | O21: Não | P21: =IF(AND(TabelaClean14[[#This Row],[credito_tomado]]>50000, TabelaClean14[[#This Row],[flag_inadimplente]]="Sim"), "Reprovado", IF(OR(ISBLANK(TabelaClean14[[#This Row],[credito_tomado]]), ISBLANK(TabelaClean14[[#This Row],[flag_inadimplente]])), "null", "Aprovado")) -> Aprovado | Q21: 28 | R21: {=_xlfn.IFS(TabelaClean14[[#This Row],[qtde_batalhas]]<=10,"Baixo",TabelaClean14[[#This Row],[qtde_batalhas]]>=26,"Alto",TabelaClean14[[#This Row],[qtde_batalhas]]<26,"Médio")} -> Alto | S21: =IF(AND(TabelaClean14[[#This Row],[nivel_risco]]="Alto",TabelaClean14[[#This Row],[flag_inadimplente]]="Sim"),"Arriscado","Ok") -> Ok | T21: 74500 | U21: =IF(AND(TabelaClean14[[#This Row],[analise_risco]]="Arriscado",TabelaClean14[[#This Row],[analise_credito]]="Reprovado"),0,IF(TabelaClean14[[#This Row],[status]]="Ativo",TabelaClean14[[#This Row],[valor_solicitado]]*1.08,0)) -> 0 | Y21: null | Z21: =PROPER(Y21) -> Null | AE21: 11700 | AF21: =TEXT(AE21,"000\.000\.000\-00") -> 000.000.117-00 | AJ21: 28900 | AK21: 28900 | AM21: 71000 | AN21: 71000 | AO21: 71000 | AQ21: Braavos | AZ21: 000.000.027-00 | BA21: Braavos | BB21: 14300 | BC21: =IF(AND(TabelaClean14[[#This Row],[analise_risco]]="Arriscado",TabelaClean14[[#This Row],[analise_credito]]="Reprovado"),0,IF(TabelaClean14[[#This Row],[status]]="Ativo",TabelaClean14[[#This Row],[valor_solicitado]]*1.08,0)) -> 0
A22: Inativo | B22: Stannis Lannister | C22: 000.000.361-00 | D22: 24 | E22: 37313 | F22: =TabelaClean14[[#This Row],[CidadeCPF]] -> Ponta Tempestade | G22: =TabelaClean14[[#This Row],[RegiaoCPF]] -> Terras Da Tempestade | H22: =_xlfn.XLOOKUP(TabelaClean14[[#This Row],[cpf]],TabelaDirty[cpfclean],TabelaDirty[cidade]) -> Ponta Tempestade | I22: =_xlfn.XLOOKUP(TabelaClean14[[#This Row],[cpf]],TabelaDirty[cpfclean],TabelaDirty[regiao]) -> Terras da Tempestade | J22: =PROPER(TabelaClean14[[#This Row],[Coluna1]]) -> Terras Da Tempestade | K22: =_xlfn.TEXTBEFORE(TabelaClean14[[#This Row],[CidadeCPF]]," | ") -> #N/A | L22: =_xlfn.TEXTAFTER(TabelaClean14[[#This Row],[CidadeCPF]]," | ") -> #N/A | M22: 11000 | N22: 76500 | O22: Sim | P22: =IF(AND(TabelaClean14[[#This Row],[credito_tomado]]>50000, TabelaClean14[[#This Row],[flag_inadimplente]]="Sim"), "Reprovado", IF(OR(ISBLANK(TabelaClean14[[#This Row],[credito_tomado]]), ISBLANK(TabelaClean14[[#This Row],[flag_inadimplente]])), "null", "Aprovado")) -> Reprovado | Q22: 33 | R22: {=_xlfn.IFS(TabelaClean14[[#This Row],[qtde_batalhas]]<=10,"Baixo",TabelaClean14[[#This Row],[qtde_batalhas]]>=26,"Alto",TabelaClean14[[#This Row],[qtde_batalhas]]<26,"Médio")} -> Alto | S22: =IF(AND(TabelaClean14[[#This Row],[nivel_risco]]="Alto",TabelaClean14[[#This Row],[flag_inadimplente]]="Sim"),"Arriscado","Ok") -> Arriscado | T22: 26000 | U22: =IF(AND(TabelaClean14[[#This Row],[analise_risco]]="Arriscado",TabelaClean14[[#This Row],[analise_credito]]="Reprovado"),0,IF(TabelaClean14[[#This Row],[status]]="Ativo",TabelaClean14[[#This Row],[valor_solicitado]]*1.08,0)) -> 0 | Y22: terras da coroa | Z22: =PROPER(Y22) -> Terras Da Coroa | AE22: 12700 | AF22: =TEXT(AE22,"000\.000\.000\-00") -> 000.000.127-00 | AJ22: 12700 | AK22: 12700 | AM22: 79500 | AN22: 79500 | AO22: 79500 | AQ22: Ponta Tempestade | AZ22: 000.000.297-00 | BA22: Ponta Tempestade | BB22: 11000 | BC22: =IF(AND(TabelaClean14[[#This Row],[analise_risco]]="Arriscado",TabelaClean14[[#This Row],[analise_credito]]="Reprovado"),0,IF(TabelaClean14[[#This Row],[status]]="Ativo",TabelaClean14[[#This Row],[valor_solicitado]]*1.08,0)) -> 0
A23: Ativo | B23: Jorah Marbrand | C23: 000.000.168-00 | D23: 37 | E23: 32414 | F23: =TabelaClean14[[#This Row],[CidadeClean]] -> Pedra do Dragão | G23: =TabelaClean14[[#This Row],[RegiaoClean]] -> Terras da Coroa | H23: =_xlfn.XLOOKUP(TabelaClean14[[#This Row],[cpf]],TabelaDirty[cpfclean],TabelaDirty[cidade]) -> Pedra do Dragão | Terras da Coroa | I23: =_xlfn.XLOOKUP(TabelaClean14[[#This Row],[cpf]],TabelaDirty[cpfclean],TabelaDirty[regiao]) -> 0 | J23: Terras da cCoroa | K23: =_xlfn.TEXTBEFORE(TabelaClean14[[#This Row],[CidadeCPF]]," | ") -> Pedra do Dragão | L23: =_xlfn.TEXTAFTER(TabelaClean14[[#This Row],[CidadeCPF]]," | ") -> Terras da Coroa | M23: 12800 | N23: 76500 | O23: Não | P23: =IF(AND(TabelaClean14[[#This Row],[credito_tomado]]>50000, TabelaClean14[[#This Row],[flag_inadimplente]]="Sim"), "Reprovado", IF(OR(ISBLANK(TabelaClean14[[#This Row],[credito_tomado]]), ISBLANK(TabelaClean14[[#This Row],[flag_inadimplente]])), "null", "Aprovado")) -> Aprovado | Q23: 30 | R23: {=_xlfn.IFS(TabelaClean14[[#This Row],[qtde_batalhas]]<=10,"Baixo",TabelaClean14[[#This Row],[qtde_batalhas]]>=26,"Alto",TabelaClean14[[#This Row],[qtde_batalhas]]<26,"Médio")} -> Alto | S23: =IF(AND(TabelaClean14[[#This Row],[nivel_risco]]="Alto",TabelaClean14[[#This Row],[flag_inadimplente]]="Sim"),"Arriscado","Ok") -> Ok | T23: 18500 | U23: =IF(AND(TabelaClean14[[#This Row],[analise_risco]]="Arriscado",TabelaClean14[[#This Row],[analise_credito]]="Reprovado"),0,IF(TabelaClean14[[#This Row],[status]]="Ativo",TabelaClean14[[#This Row],[valor_solicitado]]*1.08,0)) -> 19980 | Y23: null | Z23: =PROPER(Y23) -> Null | AE23: 13200 | AF23: =TEXT(AE23,"000\.000\.000\-00") -> 000.000.132-00 | AJ23: 22100 | AK23: 22100 | AM23: 41500 | AN23: 41500 | AO23: 41500 | AQ23: Meereen | AZ23: 000.000.039-00 | BA23: Meereen | BB23: 12800 | BC23: =IF(AND(TabelaClean14[[#This Row],[analise_risco]]="Arriscado",TabelaClean14[[#This Row],[analise_credito]]="Reprovado"),0,IF(TabelaClean14[[#This Row],[status]]="Ativo",TabelaClean14[[#This Row],[valor_solicitado]]*1.08,0)) -> 19980
A24: Ativo | B24: Bronn Mallister | C24: 000.000.200-00 | D24: 35 | E24: null | F24: =TabelaClean14[[#This Row],[CidadeCPF]] -> Vilavelha | G24: =TabelaClean14[[#This Row],[RegiaoCPF]] -> Campina | H24: =_xlfn.XLOOKUP(TabelaClean14[[#This Row],[cpf]],TabelaDirty[cpfclean],TabelaDirty[cidade]) -> Vilavelha | I24: =_xlfn.XLOOKUP(TabelaClean14[[#This Row],[cpf]],TabelaDirty[cpfclean],TabelaDirty[regiao]) -> Campina | J24: =PROPER(TabelaClean14[[#This Row],[Coluna1]]) -> Campina | K24: =_xlfn.TEXTBEFORE(TabelaClean14[[#This Row],[CidadeCPF]]," | ") -> #N/A | L24: =_xlfn.TEXTAFTER(TabelaClean14[[#This Row],[CidadeCPF]]," | ") -> #N/A | M24: 28000 | N24: 76500 | O24: Não | P24: =IF(AND(TabelaClean14[[#This Row],[credito_tomado]]>50000, TabelaClean14[[#This Row],[flag_inadimplente]]="Sim"), "Reprovado", IF(OR(ISBLANK(TabelaClean14[[#This Row],[credito_tomado]]), ISBLANK(TabelaClean14[[#This Row],[flag_inadimplente]])), "null", "Aprovado")) -> Aprovado | Q24: 39 | R24: {=_xlfn.IFS(TabelaClean14[[#This Row],[qtde_batalhas]]<=10,"Baixo",TabelaClean14[[#This Row],[qtde_batalhas]]>=26,"Alto",TabelaClean14[[#This Row],[qtde_batalhas]]<26,"Médio")} -> Alto | S24: =IF(AND(TabelaClean14[[#This Row],[nivel_risco]]="Alto",TabelaClean14[[#This Row],[flag_inadimplente]]="Sim"),"Arriscado","Ok") -> Ok | T24: 32000 | U24: =IF(AND(TabelaClean14[[#This Row],[analise_risco]]="Arriscado",TabelaClean14[[#This Row],[analise_credito]]="Reprovado"),0,IF(TabelaClean14[[#This Row],[status]]="Ativo",TabelaClean14[[#This Row],[valor_solicitado]]*1.08,0)) -> 34560 | Y24: null | Z24: =PROPER(Y24) -> Null | AE24: 13700 | AF24: =TEXT(AE24,"000\.000\.000\-00") -> 000.000.137-00 | AJ24: 24500 | AK24: 24500 | AM24: N/A | AN24: null | AO24: null | AQ24: Jardim de Cima | AZ24: 000.000.036-00 | BA24: Jardim de Cima | BB24: 28000 | BC24: =IF(AND(TabelaClean14[[#This Row],[analise_risco]]="Arriscado",TabelaClean14[[#This Row],[analise_credito]]="Reprovado"),0,IF(TabelaClean14[[#This Row],[status]]="Ativo",TabelaClean14[[#This Row],[valor_solicitado]]*1.08,0)) -> 34560
A25: Ativo | B25: Jorah Marbrand | C25: =_xlfn.XLOOKUP(TabelaClean14[[#This Row],[nome]],Base_Dirty!$B:$B,Base_Dirty!D:D) -> 000.000.168-00 | D25: =_xlfn.XLOOKUP(TabelaClean14[[#This Row],[nome]],Base_Dirty!B:B,Base_Dirty!E:E) -> 37 | E25: =_xlfn.XLOOKUP(TabelaClean14[[#This Row],[nome]],Base_Dirty!$B:$B,Base_Dirty!F:F) -> 32414 | F25: Pedra do Dragão | G25: Terras Da Coroa | H25: =_xlfn.XLOOKUP(TabelaClean14[[#This Row],[cpf]],TabelaDirty[cpfclean],TabelaDirty[cidade]) -> Pedra do Dragão | Terras da Coroa | I25: 12800 | J25: 76500 | K25: Não | L25: 30 batalhas | M25: =_xlfn.XLOOKUP(TabelaClean14[[#This Row],[nome]],Base_Dirty!$B:$B,Base_Dirty!I:I) -> 12800 | N25: =_xlfn.XLOOKUP(TabelaClean14[[#This Row],[nome]],Base_Dirty!$B:$B,Base_Dirty!J:J) -> 76500 | O25: Não | P25: =IF(AND(TabelaClean14[[#This Row],[credito_tomado]]>50000, TabelaClean14[[#This Row],[flag_inadimplente]]="Sim"), "Reprovado", IF(OR(ISBLANK(TabelaClean14[[#This Row],[credito_tomado]]), ISBLANK(TabelaClean14[[#This Row],[flag_inadimplente]])), "null", "Aprovado")) -> Aprovado | Q25: 30 | R25: {=_xlfn.IFS(TabelaClean14[[#This Row],[qtde_batalhas]]<=10,"Baixo",TabelaClean14[[#This Row],[qtde_batalhas]]>=26,"Alto",TabelaClean14[[#This Row],[qtde_batalhas]]<26,"Médio")} -> Alto | S25: =IF(AND(TabelaClean14[[#This Row],[nivel_risco]]="Alto",TabelaClean14[[#This Row],[flag_inadimplente]]="Sim"),"Arriscado","Ok") -> Ok | T25: =_xlfn.XLOOKUP(TabelaClean14[[#This Row],[nome]],Base_Dirty!$B:$B,Base_Dirty!O:O) -> 18500 | U25: =IF(AND(TabelaClean14[[#This Row],[analise_risco]]="Arriscado",TabelaClean14[[#This Row],[analise_credito]]="Reprovado"),0,IF(TabelaClean14[[#This Row],[status]]="Ativo",TabelaClean14[[#This Row],[valor_solicitado]]*1.08,0)) -> 19980 | Y25: Terras Fluviais | Z25: =PROPER(Y25) -> Terras Fluviais | AE25: 14200 | AF25: =TEXT(AE25,"000\.000\.000\-00") -> 000.000.142-00 | AJ25: 24300 | AK25: 24300 | AM25: 13500 | AN25: 13500 | AO25: 13500 | AQ25: Winterfell | AZ25: 000.000.001-00 | BA25: Winterfell | BB25: =_xlfn.XLOOKUP(TabelaClean14[[#This Row],[nome]],Base_Dirty!$B:$B,Base_Dirty!AX:AX) -> 0 | BC25: =IF(AND(TabelaClean14[[#This Row],[analise_risco]]="Arriscado",TabelaClean14[[#This Row],[analise_credito]]="Reprovado"),0,IF(TabelaClean14[[#This Row],[status]]="Ativo",TabelaClean14[[#This Row],[valor_solicitado]]*1.08,0)) -> 19980
A26: Ativo | B26: Jorah Marbrand | C26: =_xlfn.XLOOKUP(TabelaClean14[[#This Row],[nome]],Base_Dirty!$B:$B,Base_Dirty!D:D) -> 000.000.168-00 | D26: =_xlfn.XLOOKUP(TabelaClean14[[#This Row],[nome]],Base_Dirty!B:B,Base_Dirty!E:E) -> 37 | E26: 37 | F26: Pedra do Dragão | G26: Terras da Coroa | H26: =_xlfn.XLOOKUP(TabelaClean14[[#This Row],[cpf]],TabelaDirty[cpfclean],TabelaDirty[cidade]) -> Pedra do Dragão | Terras da Coroa | I26: 12800 | J26: 76500 | K26: Não | L26: 30 batalhas | M26: =_xlfn.XLOOKUP(TabelaClean14[[#This Row],[nome]],Base_Dirty!$B:$B,Base_Dirty!I:I) -> 12800 | N26: =_xlfn.XLOOKUP(TabelaClean14[[#This Row],[nome]],Base_Dirty!$B:$B,Base_Dirty!J:J) -> 76500 | O26: Não | P26: =IF(AND(TabelaClean14[[#This Row],[credito_tomado]]>50000, TabelaClean14[[#This Row],[flag_inadimplente]]="Sim"), "Reprovado", IF(OR(ISBLANK(TabelaClean14[[#This Row],[credito_tomado]]), ISBLANK(TabelaClean14[[#This Row],[flag_inadimplente]])), "null", "Aprovado")) -> Aprovado | Q26: 30 | R26: {=_xlfn.IFS(TabelaClean14[[#This Row],[qtde_batalhas]]<=10,"Baixo",TabelaClean14[[#This Row],[qtde_batalhas]]>=26,"Alto",TabelaClean14[[#This Row],[qtde_batalhas]]<26,"Médio")} -> Alto | S26: =IF(AND(TabelaClean14[[#This Row],[nivel_risco]]="Alto",TabelaClean14[[#This Row],[flag_inadimplente]]="Sim"),"Arriscado","Ok") -> Ok | T26: =_xlfn.XLOOKUP(TabelaClean14[[#This Row],[nome]],Base_Dirty!$B:$B,Base_Dirty!O:O) -> 18500 | U26: =IF(AND(TabelaClean14[[#This Row],[analise_risco]]="Arriscado",TabelaClean14[[#This Row],[analise_credito]]="Reprovado"),0,IF(TabelaClean14[[#This Row],[status]]="Ativo",TabelaClean14[[#This Row],[valor_solicitado]]*1.08,0)) -> 19980 | Y26: null | Z26: =PROPER(Y26) -> Null | AE26: 15000 | AF26: =TEXT(AE26,"000\.000\.000\-00") -> 000.000.150-00 | AM26: 0 | AN26: 0 | AO26: 0 | AQ26: Ponta Tempestade | AZ26: 000.000.060-00 | BA26: Ponta Tempestade | BB26: =_xlfn.XLOOKUP(TabelaClean14[[#This Row],[nome]],Base_Dirty!$B:$B,Base_Dirty!AX:AX) -> 0 | BC26: =IF(AND(TabelaClean14[[#This Row],[analise_risco]]="Arriscado",TabelaClean14[[#This Row],[analise_credito]]="Reprovado"),0,IF(TabelaClean14[[#This Row],[status]]="Ativo",TabelaClean14[[#This Row],[valor_solicitado]]*1.08,0)) -> 19980
A27: Ativo | B27: Catelyn Umber | C27: 000.000.099-00 | D27: 64 | E27: 22828 | F27: =TabelaClean14[[#This Row],[CidadeCPF]] -> Harrenhal | G27: =TabelaClean14[[#This Row],[RegiaoCPF]] -> Terras Fluviais | H27: =_xlfn.XLOOKUP(TabelaClean14[[#This Row],[cpf]],TabelaDirty[cpfclean],TabelaDirty[cidade]) -> Harrenhal | I27: =_xlfn.XLOOKUP(TabelaClean14[[#This Row],[cpf]],TabelaDirty[cpfclean],TabelaDirty[regiao]) -> TERRAS FLUVIAIS | J27: =PROPER(TabelaClean14[[#This Row],[Coluna1]]) -> Terras Fluviais | K27: =_xlfn.TEXTBEFORE(TabelaClean14[[#This Row],[CidadeCPF]]," | ") -> #N/A | L27: =_xlfn.TEXTAFTER(TabelaClean14[[#This Row],[CidadeCPF]]," | ") -> #N/A | M27: 2900 | N27: 76000 | O27: Não | P27: =IF(AND(TabelaClean14[[#This Row],[credito_tomado]]>50000, TabelaClean14[[#This Row],[flag_inadimplente]]="Sim"), "Reprovado", IF(OR(ISBLANK(TabelaClean14[[#This Row],[credito_tomado]]), ISBLANK(TabelaClean14[[#This Row],[flag_inadimplente]])), "null", "Aprovado")) -> Aprovado | Q27: 32 | R27: {=_xlfn.IFS(TabelaClean14[[#This Row],[qtde_batalhas]]<=10,"Baixo",TabelaClean14[[#This Row],[qtde_batalhas]]>=26,"Alto",TabelaClean14[[#This Row],[qtde_batalhas]]<26,"Médio")} -> Alto | S27: =IF(AND(TabelaClean14[[#This Row],[nivel_risco]]="Alto",TabelaClean14[[#This Row],[flag_inadimplente]]="Sim"),"Arriscado","Ok") -> Ok | T27: 72500 | U27: =IF(AND(TabelaClean14[[#This Row],[analise_risco]]="Arriscado",TabelaClean14[[#This Row],[analise_credito]]="Reprovado"),0,IF(TabelaClean14[[#This Row],[status]]="Ativo",TabelaClean14[[#This Row],[valor_solicitado]]*1.08,0)) -> 78300 | Y27: null | Z27: =PROPER(Y27) -> Null | AE27: 15100 | AF27: =TEXT(AE27,"000\.000\.000\-00") -> 000.000.151-00 | AJ27: 11800 | AK27: 11800 | AM27: 2000 | AN27: 2000 | AO27: 2000 | AQ27: Meereen | AZ27: 000.000.129-00 | BA27: Meereen | BB27: 2900 | BC27: =IF(AND(TabelaClean14[[#This Row],[analise_risco]]="Arriscado",TabelaClean14[[#This Row],[analise_credito]]="Reprovado"),0,IF(TabelaClean14[[#This Row],[status]]="Ativo",TabelaClean14[[#This Row],[valor_solicitado]]*1.08,0)) -> 78300
A28: Inativo | B28: Seaworth | C28: 000.000.371-00 | D28: 68 | E28: 21190 | F28: Castelo | G28: Norte | H28: 2800 | I28: 76000 | J28: Não | M28: 27000 | N28: 76000 | O28: Não | P28: =IF(AND(TabelaClean14[[#This Row],[credito_tomado]]>50000, TabelaClean14[[#This Row],[flag_inadimplente]]="Sim"), "Reprovado", IF(OR(ISBLANK(TabelaClean14[[#This Row],[credito_tomado]]), ISBLANK(TabelaClean14[[#This Row],[flag_inadimplente]])), "null", "Aprovado")) -> Aprovado | R28: {=_xlfn.IFS(TabelaClean14[[#This Row],[qtde_batalhas]]<=10,"Baixo",TabelaClean14[[#This Row],[qtde_batalhas]]>=26,"Alto",TabelaClean14[[#This Row],[qtde_batalhas]]<26,"Médio")} -> Baixo | S28: =IF(AND(TabelaClean14[[#This Row],[nivel_risco]]="Alto",TabelaClean14[[#This Row],[flag_inadimplente]]="Sim"),"Arriscado","Ok") -> Ok | T28: 27000 | U28: =IF(AND(TabelaClean14[[#This Row],[analise_risco]]="Arriscado",TabelaClean14[[#This Row],[analise_credito]]="Reprovado"),0,IF(TabelaClean14[[#This Row],[status]]="Ativo",TabelaClean14[[#This Row],[valor_solicitado]]*1.08,0)) -> 0 | Y28: Terras Da Coroa | Z28: =PROPER(Y28) -> Terras Da Coroa | AE28: 15400 | AF28: =TEXT(AE28,"000\.000\.000\-00") -> 000.000.154-00 | AJ28: 17900 | AK28: 17900 | AM28: 28000 | AN28: 28000 | AO28: 28000 | AQ28: Pyke | AZ28: 000.000.230-00 | BA28: Pyke | BB28: 27000 | BC28: =IF(AND(TabelaClean14[[#This Row],[analise_risco]]="Arriscado",TabelaClean14[[#This Row],[analise_credito]]="Reprovado"),0,IF(TabelaClean14[[#This Row],[status]]="Ativo",TabelaClean14[[#This Row],[valor_solicitado]]*1.08,0)) -> 0
A29: Ativo | B29: Missandei Redwyne | C29: 000.000.111-00 | D29: 47 | E29: 29007 | F29: =TabelaClean14[[#This Row],[CidadeCPF]] -> Meereen | G29: =TabelaClean14[[#This Row],[RegiaoCPF]] -> Essos | H29: =_xlfn.XLOOKUP(TabelaClean14[[#This Row],[cpf]],TabelaDirty[cpfclean],TabelaDirty[cidade]) -> Meereen | I29: =_xlfn.XLOOKUP(TabelaClean14[[#This Row],[cpf]],TabelaDirty[cpfclean],TabelaDirty[regiao]) -> Essos | J29: =PROPER(TabelaClean14[[#This Row],[Coluna1]]) -> Essos | K29: =_xlfn.TEXTBEFORE(TabelaClean14[[#This Row],[CidadeCPF]]," | ") -> #N/A | L29: =_xlfn.TEXTAFTER(TabelaClean14[[#This Row],[CidadeCPF]]," | ") -> #N/A | M29: 5000 | N29: 75500 | O29: Sim | P29: =IF(AND(TabelaClean14[[#This Row],[credito_tomado]]>50000, TabelaClean14[[#This Row],[flag_inadimplente]]="Sim"), "Reprovado", IF(OR(ISBLANK(TabelaClean14[[#This Row],[credito_tomado]]), ISBLANK(TabelaClean14[[#This Row],[flag_inadimplente]])), "null", "Aprovado")) -> Reprovado | Q29: 2 | R29: {=_xlfn.IFS(TabelaClean14[[#This Row],[qtde_batalhas]]<=10,"Baixo",TabelaClean14[[#This Row],[qtde_batalhas]]>=26,"Alto",TabelaClean14[[#This Row],[qtde_batalhas]]<26,"Médio")} -> Baixo | S29: =IF(AND(TabelaClean14[[#This Row],[nivel_risco]]="Alto",TabelaClean14[[#This Row],[flag_inadimplente]]="Sim"),"Arriscado","Ok") -> Ok | T29: 89500 | U29: =IF(AND(TabelaClean14[[#This Row],[analise_risco]]="Arriscado",TabelaClean14[[#This Row],[analise_credito]]="Reprovado"),0,IF(TabelaClean14[[#This Row],[status]]="Ativo",TabelaClean14[[#This Row],[valor_solicitado]]*1.08,0)) -> 96660 | Y29: null | Z29: =PROPER(Y29) -> Null | AE29: 15600 | AF29: =TEXT(AE29,"000\.000\.000\-00") -> 000.000.156-00 | AJ29: 4500 moedas | AK29: 4500 | AM29: 0 | AN29: 0 | AO29: 0 | AQ29: Harrenhal | AZ29: 000.000.300-00 | BA29: Harrenhal | BB29: 5000 | BC29: =IF(AND(TabelaClean14[[#This Row],[analise_risco]]="Arriscado",TabelaClean14[[#This Row],[analise_credito]]="Reprovado"),0,IF(TabelaClean14[[#This Row],[status]]="Ativo",TabelaClean14[[#This Row],[valor_solicitado]]*1.08,0)) -> 96660
A30: Inativo | B30: Rhaegar Stark | C30: 000.000.119-00 | D30: 33 | E30: 34082 | F30: =TabelaClean14[[#This Row],[CidadeCPF]] -> Meereen | G30: =TabelaClean14[[#This Row],[RegiaoCPF]] -> Essos | H30: =_xlfn.XLOOKUP(TabelaClean14[[#This Row],[cpf]],TabelaDirty[cpfclean],TabelaDirty[cidade]) -> Meereen | I30: =_xlfn.XLOOKUP(TabelaClean14[[#This Row],[cpf]],TabelaDirty[cpfclean],TabelaDirty[regiao]) -> Essos | J30: =PROPER(TabelaClean14[[#This Row],[Coluna1]]) -> Essos | K30: =_xlfn.TEXTBEFORE(TabelaClean14[[#This Row],[CidadeCPF]]," | ") -> #N/A | L30: =_xlfn.TEXTAFTER(TabelaClean14[[#This Row],[CidadeCPF]]," | ") -> #N/A | M30: 23600 | N30: 75500 | O30: Não | P30: =IF(AND(TabelaClean14[[#This Row],[credito_tomado]]>50000, TabelaClean14[[#This Row],[flag_inadimplente]]="Sim"), "Reprovado", IF(OR(ISBLANK(TabelaClean14[[#This Row],[credito_tomado]]), ISBLANK(TabelaClean14[[#This Row],[flag_inadimplente]])), "null", "Aprovado")) -> Aprovado | Q30: 16 | R30: {=_xlfn.IFS(TabelaClean14[[#This Row],[qtde_batalhas]]<=10,"Baixo",TabelaClean14[[#This Row],[qtde_batalhas]]>=26,"Alto",TabelaClean14[[#This Row],[qtde_batalhas]]<26,"Médio")} -> Médio | S30: =IF(AND(TabelaClean14[[#This Row],[nivel_risco]]="Alto",TabelaClean14[[#This Row],[flag_inadimplente]]="Sim"),"Arriscado","Ok") -> Ok | T30: 88000 | U30: =IF(AND(TabelaClean14[[#This Row],[analise_risco]]="Arriscado",TabelaClean14[[#This Row],[analise_credito]]="Reprovado"),0,IF(TabelaClean14[[#This Row],[status]]="Ativo",TabelaClean14[[#This Row],[valor_solicitado]]*1.08,0)) -> 0 | Y30: essos | Z30: =PROPER(Y30) -> Essos | AE30: 15900 | AF30: =TEXT(AE30,"000\.000\.000\-00") -> 000.000.159-00 | AJ30: 18500 | AK30: 18500 | AM30: 74500 | AN30: 74500 | AO30: 74500 | AQ30: Atalaia da Água Cinzenta | AZ30: 000.000.309-00 | BA30: Atalaia da Água Cinzenta | BB30: 23600 | BC30: =IF(AND(TabelaClean14[[#This Row],[analise_risco]]="Arriscado",TabelaClean14[[#This Row],[analise_credito]]="Reprovado"),0,IF(TabelaClean14[[#This Row],[status]]="Ativo",TabelaClean14[[#This Row],[valor_solicitado]]*1.08,0)) -> 0
A31: Ativo | B31: Thoros Frey | C31: 000.000.113-00 | D31: 55 | E31: 25844 | F31: =TabelaClean14[[#This Row],[CidadeCPF]] -> Jardim de Cima | G31: =TabelaClean14[[#This Row],[RegiaoCPF]] -> Campina | H31: =_xlfn.XLOOKUP(TabelaClean14[[#This Row],[cpf]],TabelaDirty[cpfclean],TabelaDirty[cidade]) -> Jardim de Cima | I31: =_xlfn.XLOOKUP(TabelaClean14[[#This Row],[cpf]],TabelaDirty[cpfclean],TabelaDirty[regiao]) -> CAMPINA | J31: =PROPER(TabelaClean14[[#This Row],[Coluna1]]) -> Campina | K31: =_xlfn.TEXTBEFORE(TabelaClean14[[#This Row],[CidadeCPF]]," | ") -> #N/A | L31: =_xlfn.TEXTAFTER(TabelaClean14[[#This Row],[CidadeCPF]]," | ") -> #N/A | M31: 17400 | N31: 75500 | O31: Não | P31: =IF(AND(TabelaClean14[[#This Row],[credito_tomado]]>50000, TabelaClean14[[#This Row],[flag_inadimplente]]="Sim"), "Reprovado", IF(OR(ISBLANK(TabelaClean14[[#This Row],[credito_tomado]]), ISBLANK(TabelaClean14[[#This Row],[flag_inadimplente]])), "null", "Aprovado")) -> Aprovado | Q31: 9 | R31: {=_xlfn.IFS(TabelaClean14[[#This Row],[qtde_batalhas]]<=10,"Baixo",TabelaClean14[[#This Row],[qtde_batalhas]]>=26,"Alto",TabelaClean14[[#This Row],[qtde_batalhas]]<26,"Médio")} -> Baixo | S31: =IF(AND(TabelaClean14[[#This Row],[nivel_risco]]="Alto",TabelaClean14[[#This Row],[flag_inadimplente]]="Sim"),"Arriscado","Ok") -> Ok | T31: 52000 | U31: =IF(AND(TabelaClean14[[#This Row],[analise_risco]]="Arriscado",TabelaClean14[[#This Row],[analise_credito]]="Reprovado"),0,IF(TabelaClean14[[#This Row],[status]]="Ativo",TabelaClean14[[#This Row],[valor_solicitado]]*1.08,0)) -> 56160 | Y31: null | Z31: =PROPER(Y31) -> Null | AE31: 16000 | AF31: =TEXT(AE31,"000\.000\.000\-00") -> 000.000.160-00 | AJ31: sem renda | AK31: 0 | AM31: N/A | AN31: null | AO31: null | AQ31: Dorne | AZ31: 000.000.085-00 | BA31: Dorne | BB31: 17400 | BC31: =IF(AND(TabelaClean14[[#This Row],[analise_risco]]="Arriscado",TabelaClean14[[#This Row],[analise_credito]]="Reprovado"),0,IF(TabelaClean14[[#This Row],[status]]="Ativo",TabelaClean14[[#This Row],[valor_solicitado]]*1.08,0)) -> 56160
A32: Inativo | B32: Robert Payne | C32: 000.000.068-00 | D32: 57 | E32: 25147 | F32: Monte | G32: Campina | H32: 26300 | I32: 75500 | J32: Sim | M32: 44000 | N32: 75500 | O32: Sim | P32: =IF(AND(TabelaClean14[[#This Row],[credito_tomado]]>50000, TabelaClean14[[#This Row],[flag_inadimplente]]="Sim"), "Reprovado", IF(OR(ISBLANK(TabelaClean14[[#This Row],[credito_tomado]]), ISBLANK(TabelaClean14[[#This Row],[flag_inadimplente]])), "null", "Aprovado")) -> Reprovado | R32: {=_xlfn.IFS(TabelaClean14[[#This Row],[qtde_batalhas]]<=10,"Baixo",TabelaClean14[[#This Row],[qtde_batalhas]]>=26,"Alto",TabelaClean14[[#This Row],[qtde_batalhas]]<26,"Médio")} -> Baixo | S32: =IF(AND(TabelaClean14[[#This Row],[nivel_risco]]="Alto",TabelaClean14[[#This Row],[flag_inadimplente]]="Sim"),"Arriscado","Ok") -> Ok | T32: 44000 | U32: =IF(AND(TabelaClean14[[#This Row],[analise_risco]]="Arriscado",TabelaClean14[[#This Row],[analise_credito]]="Reprovado"),0,IF(TabelaClean14[[#This Row],[status]]="Ativo",TabelaClean14[[#This Row],[valor_solicitado]]*1.08,0)) -> 0 | Y32: Norte | Z32: =PROPER(Y32) -> Norte | AE32: 16100 | AF32: =TEXT(AE32,"000\.000\.000\-00") -> 000.000.161-00 | AJ32: 8000 | AK32: 8000 | AM32: 69000 | AN32: 69000 | AO32: 69000 | AQ32: Lannisporto | AZ32: 000.000.134-00 | BA32: Lannisporto | BB32: 44000 | BC32: =IF(AND(TabelaClean14[[#This Row],[analise_risco]]="Arriscado",TabelaClean14[[#This Row],[analise_credito]]="Reprovado"),0,IF(TabelaClean14[[#This Row],[status]]="Ativo",TabelaClean14[[#This Row],[valor_solicitado]]*1.08,0)) -> 0
A33: Inativo | B33: Grey Worm Baratheon | C33: 000.000.221-00 | D33: 29 | E33: 35598 | F33: =TabelaClean14[[#This Row],[CidadeCPF]] -> Dorne | G33: =TabelaClean14[[#This Row],[RegiaoCPF]] -> Dorne | H33: =_xlfn.XLOOKUP(TabelaClean14[[#This Row],[cpf]],TabelaDirty[cpfclean],TabelaDirty[cidade]) -> Dorne | I33: =_xlfn.XLOOKUP(TabelaClean14[[#This Row],[cpf]],TabelaDirty[cpfclean],TabelaDirty[regiao]) -> Dorne | J33: =PROPER(TabelaClean14[[#This Row],[Coluna1]]) -> Dorne | K33: =_xlfn.TEXTBEFORE(TabelaClean14[[#This Row],[CidadeCPF]]," | ") -> #N/A | L33: =_xlfn.TEXTAFTER(TabelaClean14[[#This Row],[CidadeCPF]]," | ") -> #N/A | M33: 15500 | N33: 75000 | O33: Não | P33: =IF(AND(TabelaClean14[[#This Row],[credito_tomado]]>50000, TabelaClean14[[#This Row],[flag_inadimplente]]="Sim"), "Reprovado", IF(OR(ISBLANK(TabelaClean14[[#This Row],[credito_tomado]]), ISBLANK(TabelaClean14[[#This Row],[flag_inadimplente]])), "null", "Aprovado")) -> Aprovado | Q33: 25 | R33: {=_xlfn.IFS(TabelaClean14[[#This Row],[qtde_batalhas]]<=10,"Baixo",TabelaClean14[[#This Row],[qtde_batalhas]]>=26,"Alto",TabelaClean14[[#This Row],[qtde_batalhas]]<26,"Médio")} -> Médio | S33: =IF(AND(TabelaClean14[[#This Row],[nivel_risco]]="Alto",TabelaClean14[[#This Row],[flag_inadimplente]]="Sim"),"Arriscado","Ok") -> Ok | T33: 47000 | U33: =IF(AND(TabelaClean14[[#This Row],[analise_risco]]="Arriscado",TabelaClean14[[#This Row],[analise_credito]]="Reprovado"),0,IF(TabelaClean14[[#This Row],[status]]="Ativo",TabelaClean14[[#This Row],[valor_solicitado]]*1.08,0)) -> 0 | Y33: ILHAS DE FERRO | Z33: =PROPER(Y33) -> Ilhas De Ferro | AE33: 16300 | AF33: =TEXT(AE33,"000\.000\.000\-00") -> 000.000.163-00 | AJ33: 4400 | AK33: 4400 | AM33: 23500 | AN33: 23500 | AO33: 23500 | AQ33: Solar do Entardecer | AZ33: 000.000.369-00 | BA33: Solar do Entardecer | BB33: 15500 | BC33: =IF(AND(TabelaClean14[[#This Row],[analise_risco]]="Arriscado",TabelaClean14[[#This Row],[analise_credito]]="Reprovado"),0,IF(TabelaClean14[[#This Row],[status]]="Ativo",TabelaClean14[[#This Row],[valor_solicitado]]*1.08,0)) -> 0
A34: Ativo | B34: Samwell Yronwood | C34: 000.000.124-00 | D34: 29 | E34: 35323 | F34: =TabelaClean14[[#This Row],[CidadeCPF]] -> Jardim de Cima | G34: =TabelaClean14[[#This Row],[RegiaoCPF]] -> Campina | H34: =_xlfn.XLOOKUP(TabelaClean14[[#This Row],[cpf]],TabelaDirty[cpfclean],TabelaDirty[cidade]) -> Jardim de Cima | I34: =_xlfn.XLOOKUP(TabelaClean14[[#This Row],[cpf]],TabelaDirty[cpfclean],TabelaDirty[regiao]) -> Campina | J34: =PROPER(TabelaClean14[[#This Row],[Coluna1]]) -> Campina | K34: =_xlfn.TEXTBEFORE(TabelaClean14[[#This Row],[CidadeCPF]]," | ") -> #N/A | L34: =_xlfn.TEXTAFTER(TabelaClean14[[#This Row],[CidadeCPF]]," | ") -> #N/A | M34: 21200 | N34: 75000 | O34: Não | P34: =IF(AND(TabelaClean14[[#This Row],[credito_tomado]]>50000, TabelaClean14[[#This Row],[flag_inadimplente]]="Sim"), "Reprovado", IF(OR(ISBLANK(TabelaClean14[[#This Row],[credito_tomado]]), ISBLANK(TabelaClean14[[#This Row],[flag_inadimplente]])), "null", "Aprovado")) -> Aprovado | Q34: 6 | R34: {=_xlfn.IFS(TabelaClean14[[#This Row],[qtde_batalhas]]<=10,"Baixo",TabelaClean14[[#This Row],[qtde_batalhas]]>=26,"Alto",TabelaClean14[[#This Row],[qtde_batalhas]]<26,"Médio")} -> Baixo | S34: =IF(AND(TabelaClean14[[#This Row],[nivel_risco]]="Alto",TabelaClean14[[#This Row],[flag_inadimplente]]="Sim"),"Arriscado","Ok") -> Ok | T34: 63500 | U34: =IF(AND(TabelaClean14[[#This Row],[analise_risco]]="Arriscado",TabelaClean14[[#This Row],[analise_credito]]="Reprovado"),0,IF(TabelaClean14[[#This Row],[status]]="Ativo",TabelaClean14[[#This Row],[valor_solicitado]]*1.08,0)) -> 68580 | Y34: null | Z34: =PROPER(Y34) -> Null | AE34: 16500 | AF34: =TEXT(AE34,"000\.000\.000\-00") -> 000.000.165-00 | AJ34: sem renda | AK34: 0 | AM34: 21500 | AN34: 21500 | AO34: 21500 | AQ34: Ponta Tempestade | AZ34: 000.000.023-00 | BA34: Ponta Tempestade | BB34: 21200 | BC34: =IF(AND(TabelaClean14[[#This Row],[analise_risco]]="Arriscado",TabelaClean14[[#This Row],[analise_credito]]="Reprovado"),0,IF(TabelaClean14[[#This Row],[status]]="Ativo",TabelaClean14[[#This Row],[valor_solicitado]]*1.08,0)) -> 68580
A35: Ativo | B35: Bran Dondarrion | C35: 000.000.049-00 | D35: 18 | E35: 39369 | F35: =TabelaClean14[[#This Row],[CidadeCPF]] -> Meereen | G35: =TabelaClean14[[#This Row],[RegiaoCPF]] -> Essos | H35: =_xlfn.XLOOKUP(TabelaClean14[[#This Row],[cpf]],TabelaDirty[cpfclean],TabelaDirty[cidade]) -> Meereen | I35: =_xlfn.XLOOKUP(TabelaClean14[[#This Row],[cpf]],TabelaDirty[cpfclean],TabelaDirty[regiao]) -> essos | J35: =PROPER(TabelaClean14[[#This Row],[Coluna1]]) -> Essos | K35: =_xlfn.TEXTBEFORE(TabelaClean14[[#This Row],[CidadeCPF]]," | ") -> #N/A | L35: =_xlfn.TEXTAFTER(TabelaClean14[[#This Row],[CidadeCPF]]," | ") -> #N/A | M35: 18500 | N35: 74500 | O35: Sim | P35: =IF(AND(TabelaClean14[[#This Row],[credito_tomado]]>50000, TabelaClean14[[#This Row],[flag_inadimplente]]="Sim"), "Reprovado", IF(OR(ISBLANK(TabelaClean14[[#This Row],[credito_tomado]]), ISBLANK(TabelaClean14[[#This Row],[flag_inadimplente]])), "null", "Aprovado")) -> Reprovado | Q35: 20 | R35: {=_xlfn.IFS(TabelaClean14[[#This Row],[qtde_batalhas]]<=10,"Baixo",TabelaClean14[[#This Row],[qtde_batalhas]]>=26,"Alto",TabelaClean14[[#This Row],[qtde_batalhas]]<26,"Médio")} -> Médio | S35: =IF(AND(TabelaClean14[[#This Row],[nivel_risco]]="Alto",TabelaClean14[[#This Row],[flag_inadimplente]]="Sim"),"Arriscado","Ok") -> Ok | T35: 45500 | U35: =IF(AND(TabelaClean14[[#This Row],[analise_risco]]="Arriscado",TabelaClean14[[#This Row],[analise_credito]]="Reprovado"),0,IF(TabelaClean14[[#This Row],[status]]="Ativo",TabelaClean14[[#This Row],[valor_solicitado]]*1.08,0)) -> 49140 | Y35: null | Z35: =PROPER(Y35) -> Null | AE35: 16600 | AF35: =TEXT(AE35,"000\.000\.000\-00") -> 000.000.166-00 | AJ35: 19500 | AK35: 19500 | AM35: 57000 | AN35: 57000 | AO35: 57000 | AQ35: Winterfell | AZ35: 000.000.354-00 | BA35: Winterfell | BB35: 18500 | BC35: =IF(AND(TabelaClean14[[#This Row],[analise_risco]]="Arriscado",TabelaClean14[[#This Row],[analise_credito]]="Reprovado"),0,IF(TabelaClean14[[#This Row],[status]]="Ativo",TabelaClean14[[#This Row],[valor_solicitado]]*1.08,0)) -> 49140
A36: Inativo | B36: Cersei Tarth | C36: =_xlfn.XLOOKUP(TabelaClean14[[#This Row],[nome]],Base_Dirty!$B:$B,Base_Dirty!D:D) -> 000.000.147-00 | D36: =_xlfn.XLOOKUP(TabelaClean14[[#This Row],[nome]],Base_Dirty!B:B,Base_Dirty!E:E) -> 52 | E36: 46 | F36: Harrenhal | G36: Terras Fluviais | H36: TERRAS FLUVIAIS | I36: =_xlfn.XLOOKUP(TabelaClean14[[#This Row],[cpf]],TabelaDirty[cpfclean],TabelaDirty[regiao]) -> Norte | J36: 37500 | K36: Não | L36: =_xlfn.TEXTAFTER(TabelaClean14[[#This Row],[CidadeCPF]]," | ") -> #N/A | M36: =_xlfn.XLOOKUP(TabelaClean14[[#This Row],[nome]],Base_Dirty!$B:$B,Base_Dirty!I:I) -> 7300 | N36: 74000 | O36: Não | P36: =IF(AND(TabelaClean14[[#This Row],[credito_tomado]]>50000, TabelaClean14[[#This Row],[flag_inadimplente]]="Sim"), "Reprovado", IF(OR(ISBLANK(TabelaClean14[[#This Row],[credito_tomado]]), ISBLANK(TabelaClean14[[#This Row],[flag_inadimplente]])), "null", "Aprovado")) -> Aprovado | Q36: =_xlfn.XLOOKUP(TabelaClean14[[#This Row],[nome]],Base_Dirty!$B:$B,Base_Dirty!L:L) -> 40 | R36: {=_xlfn.IFS(TabelaClean14[[#This Row],[qtde_batalhas]]<=10,"Baixo",TabelaClean14[[#This Row],[qtde_batalhas]]>=26,"Alto",TabelaClean14[[#This Row],[qtde_batalhas]]<26,"Médio")} -> Alto | S36: =IF(AND(TabelaClean14[[#This Row],[nivel_risco]]="Alto",TabelaClean14[[#This Row],[flag_inadimplente]]="Sim"),"Arriscado","Ok") -> Ok | T36: =_xlfn.XLOOKUP(TabelaClean14[[#This Row],[nome]],Base_Dirty!$B:$B,Base_Dirty!O:O) -> 34500 | U36: =IF(AND(TabelaClean14[[#This Row],[analise_risco]]="Arriscado",TabelaClean14[[#This Row],[analise_credito]]="Reprovado"),0,IF(TabelaClean14[[#This Row],[status]]="Ativo",TabelaClean14[[#This Row],[valor_solicitado]]*1.08,0)) -> 0 | Y36: null | Z36: =PROPER(Y36) -> Null | AE36: 17100 | AF36: =TEXT(AE36,"000\.000\.000\-00") -> 000.000.171-00 | AJ36: 17500 | AK36: 17500 | AM36: 3500 | AN36: 3500 | AO36: 3500 | AQ36: Vilavelha | AZ36: 000.000.242-00 | BA36: Vilavelha | BB36: =_xlfn.XLOOKUP(TabelaClean14[[#This Row],[nome]],Base_Dirty!$B:$B,Base_Dirty!AX:AX) -> 0 | BC36: =IF(AND(TabelaClean14[[#This Row],[analise_risco]]="Arriscado",TabelaClean14[[#This Row],[analise_credito]]="Reprovado"),0,IF(TabelaClean14[[#This Row],[status]]="Ativo",TabelaClean14[[#This Row],[valor_solicitado]]*1.08,0)) -> 0
A37: Inativo | B37: Cersei Tarth | C37: =_xlfn.XLOOKUP(TabelaClean14[[#This Row],[nome]],Base_Dirty!$B:$B,Base_Dirty!D:D) -> 000.000.147-00 | D37: =_xlfn.XLOOKUP(TabelaClean14[[#This Row],[nome]],Base_Dirty!B:B,Base_Dirty!E:E) -> 52 | E37: 46 | F37: Harrenhal | G37: Terras Fluviais | H37: TERRAS FLUVIAIS | I37: =_xlfn.XLOOKUP(TabelaClean14[[#This Row],[cpf]],TabelaDirty[cpfclean],TabelaDirty[regiao]) -> Norte | J37: 37500 | K37: Não | L37: =_xlfn.TEXTAFTER(TabelaClean14[[#This Row],[CidadeCPF]]," | ") -> #N/A | M37: =_xlfn.XLOOKUP(TabelaClean14[[#This Row],[nome]],Base_Dirty!$B:$B,Base_Dirty!I:I) -> 7300 | N37: 74000 | O37: Não | P37: =IF(AND(TabelaClean14[[#This Row],[credito_tomado]]>50000, TabelaClean14[[#This Row],[flag_inadimplente]]="Sim"), "Reprovado", IF(OR(ISBLANK(TabelaClean14[[#This Row],[credito_tomado]]), ISBLANK(TabelaClean14[[#This Row],[flag_inadimplente]])), "null", "Aprovado")) -> Aprovado | Q37: =_xlfn.XLOOKUP(TabelaClean14[[#This Row],[nome]],Base_Dirty!$B:$B,Base_Dirty!L:L) -> 40 | R37: {=_xlfn.IFS(TabelaClean14[[#This Row],[qtde_batalhas]]<=10,"Baixo",TabelaClean14[[#This Row],[qtde_batalhas]]>=26,"Alto",TabelaClean14[[#This Row],[qtde_batalhas]]<26,"Médio")} -> Alto | S37: =IF(AND(TabelaClean14[[#This Row],[nivel_risco]]="Alto",TabelaClean14[[#This Row],[flag_inadimplente]]="Sim"),"Arriscado","Ok") -> Ok | T37: =_xlfn.XLOOKUP(TabelaClean14[[#This Row],[nome]],Base_Dirty!$B:$B,Base_Dirty!O:O) -> 34500 | U37: =IF(AND(TabelaClean14[[#This Row],[analise_risco]]="Arriscado",TabelaClean14[[#This Row],[analise_credito]]="Reprovado"),0,IF(TabelaClean14[[#This Row],[status]]="Ativo",TabelaClean14[[#This Row],[valor_solicitado]]*1.08,0)) -> 0 | Y37: null | Z37: =PROPER(Y37) -> Null | AE37: 17500 | AF37: =TEXT(AE37,"000\.000\.000\-00") -> 000.000.175-00 | AJ37: 11900 | AK37: 11900 | AM37: 58500 | AN37: 58500 | AO37: 58500 | AQ37: Ilha dos Ursos | AZ37: 000.000.095-00 | BA37: Ilha dos Ursos | BB37: =_xlfn.XLOOKUP(TabelaClean14[[#This Row],[nome]],Base_Dirty!$B:$B,Base_Dirty!AX:AX) -> 0 | BC37: =IF(AND(TabelaClean14[[#This Row],[analise_risco]]="Arriscado",TabelaClean14[[#This Row],[analise_credito]]="Reprovado"),0,IF(TabelaClean14[[#This Row],[status]]="Ativo",TabelaClean14[[#This Row],[valor_solicitado]]*1.08,0)) -> 0
A38: Ativo | B38: Cersei Tarth | C38: 000.000.147-00 | D38: 52 | E38: 26921 | F38: =TabelaClean14[[#This Row],[CidadeCPF]] -> Ilha dos Ursos | G38: =TabelaClean14[[#This Row],[RegiaoCPF]] -> Norte | H38: =_xlfn.XLOOKUP(TabelaClean14[[#This Row],[cpf]],TabelaDirty[cpfclean],TabelaDirty[cidade]) -> Ilha dos Ursos | I38: =_xlfn.XLOOKUP(TabelaClean14[[#This Row],[cpf]],TabelaDirty[cpfclean],TabelaDirty[regiao]) -> Norte | J38: =PROPER(TabelaClean14[[#This Row],[Coluna1]]) -> Norte | K38: =_xlfn.TEXTBEFORE(TabelaClean14[[#This Row],[CidadeCPF]]," | ") -> #N/A | L38: =_xlfn.TEXTAFTER(TabelaClean14[[#This Row],[CidadeCPF]]," | ") -> #N/A | M38: 7300 | N38: 74000 | O38: Não | P38: =IF(AND(TabelaClean14[[#This Row],[credito_tomado]]>50000, TabelaClean14[[#This Row],[flag_inadimplente]]="Sim"), "Reprovado", IF(OR(ISBLANK(TabelaClean14[[#This Row],[credito_tomado]]), ISBLANK(TabelaClean14[[#This Row],[flag_inadimplente]])), "null", "Aprovado")) -> Aprovado | Q38: 40 | R38: {=_xlfn.IFS(TabelaClean14[[#This Row],[qtde_batalhas]]<=10,"Baixo",TabelaClean14[[#This Row],[qtde_batalhas]]>=26,"Alto",TabelaClean14[[#This Row],[qtde_batalhas]]<26,"Médio")} -> Alto | S38: =IF(AND(TabelaClean14[[#This Row],[nivel_risco]]="Alto",TabelaClean14[[#This Row],[flag_inadimplente]]="Sim"),"Arriscado","Ok") -> Ok | T38: 34500 | U38: =IF(AND(TabelaClean14[[#This Row],[analise_risco]]="Arriscado",TabelaClean14[[#This Row],[analise_credito]]="Reprovado"),0,IF(TabelaClean14[[#This Row],[status]]="Ativo",TabelaClean14[[#This Row],[valor_solicitado]]*1.08,0)) -> 37260 | Y38: null | Z38: =PROPER(Y38) -> Null | AE38: 17900 | AF38: =TEXT(AE38,"000\.000\.000\-00") -> 000.000.179-00 | AJ38: 9300 | AK38: 9300 | AM38: 36500 | AN38: 36500 | AO38: 36500 | AQ38: Jardim de Cima | AZ38: 000.000.105-00 | BA38: Jardim de Cima | BB38: 7300 | BC38: =IF(AND(TabelaClean14[[#This Row],[analise_risco]]="Arriscado",TabelaClean14[[#This Row],[analise_credito]]="Reprovado"),0,IF(TabelaClean14[[#This Row],[status]]="Ativo",TabelaClean14[[#This Row],[valor_solicitado]]*1.08,0)) -> 37260
A39: Ativo | B39: Varys Lannister | C39: 000.000.367-00 | D39: 67 | E39: 21497 | F39: =TabelaClean14[[#This Row],[CidadeClean]] -> Pyke | G39: =TabelaClean14[[#This Row],[RegiaoClean]] -> Ilhas de Ferro | H39: =_xlfn.XLOOKUP(TabelaClean14[[#This Row],[cpf]],TabelaDirty[cpfclean],TabelaDirty[cidade]) -> Pyke | Ilhas de Ferro | I39: =_xlfn.XLOOKUP(TabelaClean14[[#This Row],[cpf]],TabelaDirty[cpfclean],TabelaDirty[regiao]) -> 0 | J39: Ilhas de Ferro | K39: =_xlfn.TEXTBEFORE(TabelaClean14[[#This Row],[CidadeCPF]]," | ") -> Pyke | L39: =_xlfn.TEXTAFTER(TabelaClean14[[#This Row],[CidadeCPF]]," | ") -> Ilhas de Ferro | M39: 21600 | N39: 73500 | O39: Sim | P39: =IF(AND(TabelaClean14[[#This Row],[credito_tomado]]>50000, TabelaClean14[[#This Row],[flag_inadimplente]]="Sim"), "Reprovado", IF(OR(ISBLANK(TabelaClean14[[#This Row],[credito_tomado]]), ISBLANK(TabelaClean14[[#This Row],[flag_inadimplente]])), "null", "Aprovado")) -> Reprovado | Q39: 7 | R39: {=_xlfn.IFS(TabelaClean14[[#This Row],[qtde_batalhas]]<=10,"Baixo",TabelaClean14[[#This Row],[qtde_batalhas]]>=26,"Alto",TabelaClean14[[#This Row],[qtde_batalhas]]<26,"Médio")} -> Baixo | S39: =IF(AND(TabelaClean14[[#This Row],[nivel_risco]]="Alto",TabelaClean14[[#This Row],[flag_inadimplente]]="Sim"),"Arriscado","Ok") -> Ok | T39: 24500 | U39: =IF(AND(TabelaClean14[[#This Row],[analise_risco]]="Arriscado",TabelaClean14[[#This Row],[analise_credito]]="Reprovado"),0,IF(TabelaClean14[[#This Row],[status]]="Ativo",TabelaClean14[[#This Row],[valor_solicitado]]*1.08,0)) -> 26460 | Y39: Terras Da Tempestade | Z39: =PROPER(Y39) -> Terras Da Tempestade | AE39: 18000 | AF39: =TEXT(AE39,"000\.000\.000\-00") -> 000.000.180-00 | AJ39: 11300 | AK39: 11300 | AM39: 49500 | AN39: 49500 | AO39: 49500 | AQ39: Winterfell | AZ39: 000.000.081-00 | BA39: Winterfell | BB39: 21600 | BC39: =IF(AND(TabelaClean14[[#This Row],[analise_risco]]="Arriscado",TabelaClean14[[#This Row],[analise_credito]]="Reprovado"),0,IF(TabelaClean14[[#This Row],[status]]="Ativo",TabelaClean14[[#This Row],[valor_solicitado]]*1.08,0)) -> 26460
A40: Ativo | B40: Jeor Payne | C40: 000.000.209-00 | D40: 33 | E40: 34021 | F40: =TabelaClean14[[#This Row],[CidadeCPF]] -> Ponta Tempestade | G40: =TabelaClean14[[#This Row],[RegiaoCPF]] -> Terras Da Tempestade | H40: =_xlfn.XLOOKUP(TabelaClean14[[#This Row],[cpf]],TabelaDirty[cpfclean],TabelaDirty[cidade]) -> Ponta Tempestade | I40: =_xlfn.XLOOKUP(TabelaClean14[[#This Row],[cpf]],TabelaDirty[cpfclean],TabelaDirty[regiao]) -> Terras da Tempestade | J40: =PROPER(TabelaClean14[[#This Row],[Coluna1]]) -> Terras Da Tempestade | K40: =_xlfn.TEXTBEFORE(TabelaClean14[[#This Row],[CidadeCPF]]," | ") -> #N/A | L40: =_xlfn.TEXTAFTER(TabelaClean14[[#This Row],[CidadeCPF]]," | ") -> #N/A | N40: 73500 | O40: Não | P40: =IF(AND(TabelaClean14[[#This Row],[credito_tomado]]>50000, TabelaClean14[[#This Row],[flag_inadimplente]]="Sim"), "Reprovado", IF(OR(ISBLANK(TabelaClean14[[#This Row],[credito_tomado]]), ISBLANK(TabelaClean14[[#This Row],[flag_inadimplente]])), "null", "Aprovado")) -> Aprovado | Q40: 33 | R40: {=_xlfn.IFS(TabelaClean14[[#This Row],[qtde_batalhas]]<=10,"Baixo",TabelaClean14[[#This Row],[qtde_batalhas]]>=26,"Alto",TabelaClean14[[#This Row],[qtde_batalhas]]<26,"Médio")} -> Alto | S40: =IF(AND(TabelaClean14[[#This Row],[nivel_risco]]="Alto",TabelaClean14[[#This Row],[flag_inadimplente]]="Sim"),"Arriscado","Ok") -> Ok | T40: 95000 | U40: =IF(AND(TabelaClean14[[#This Row],[analise_risco]]="Arriscado",TabelaClean14[[#This Row],[analise_credito]]="Reprovado"),0,IF(TabelaClean14[[#This Row],[status]]="Ativo",TabelaClean14[[#This Row],[valor_solicitado]]*1.08,0)) -> 102600 | Y40: Ilhas de Ferro | Z40: =PROPER(Y40) -> Ilhas De Ferro | AE40: 18800 | AF40: =TEXT(AE40,"000\.000\.000\-00") -> 000.000.188-00 | AJ40: 10700 | AK40: 10700 | AM40: 15000 | AN40: 15000 | AO40: 15000 | AQ40: Ninho da Águia | AZ40: 000.000.336-00 | BA40: Ninho da Águia | BC40: =IF(AND(TabelaClean14[[#This Row],[analise_risco]]="Arriscado",TabelaClean14[[#This Row],[analise_credito]]="Reprovado"),0,IF(TabelaClean14[[#This Row],[status]]="Ativo",TabelaClean14[[#This Row],[valor_solicitado]]*1.08,0)) -> 102600
A41: Ativo | B41: Theon Karstark | C41: 000.000.296-00 | D41: 71 | E41: 20187 | F41: =TabelaClean14[[#This Row],[CidadeCPF]] -> Braavos | G41: =TabelaClean14[[#This Row],[RegiaoCPF]] -> Essos | H41: =_xlfn.XLOOKUP(TabelaClean14[[#This Row],[cpf]],TabelaDirty[cpfclean],TabelaDirty[cidade]) -> Braavos | I41: =_xlfn.XLOOKUP(TabelaClean14[[#This Row],[cpf]],TabelaDirty[cpfclean],TabelaDirty[regiao]) -> Essos | J41: =PROPER(TabelaClean14[[#This Row],[Coluna1]]) -> Essos | K41: =_xlfn.TEXTBEFORE(TabelaClean14[[#This Row],[CidadeCPF]]," | ") -> #N/A | L41: =_xlfn.TEXTAFTER(TabelaClean14[[#This Row],[CidadeCPF]]," | ") -> #N/A | M41: 29200 | N41: 73500 | O41: Não | P41: =IF(AND(TabelaClean14[[#This Row],[credito_tomado]]>50000, TabelaClean14[[#This Row],[flag_inadimplente]]="Sim"), "Reprovado", IF(OR(ISBLANK(TabelaClean14[[#This Row],[credito_tomado]]), ISBLANK(TabelaClean14[[#This Row],[flag_inadimplente]])), "null", "Aprovado")) -> Aprovado | Q41: 2 | R41: {=_xlfn.IFS(TabelaClean14[[#This Row],[qtde_batalhas]]<=10,"Baixo",TabelaClean14[[#This Row],[qtde_batalhas]]>=26,"Alto",TabelaClean14[[#This Row],[qtde_batalhas]]<26,"Médio")} -> Baixo | S41: =IF(AND(TabelaClean14[[#This Row],[nivel_risco]]="Alto",TabelaClean14[[#This Row],[flag_inadimplente]]="Sim"),"Arriscado","Ok") -> Ok | T41: 33000 | U41: =IF(AND(TabelaClean14[[#This Row],[analise_risco]]="Arriscado",TabelaClean14[[#This Row],[analise_credito]]="Reprovado"),0,IF(TabelaClean14[[#This Row],[status]]="Ativo",TabelaClean14[[#This Row],[valor_solicitado]]*1.08,0)) -> 35640 | Y41: Norte | Z41: =PROPER(Y41) -> Norte | AE41: 19000 | AF41: =TEXT(AE41,"000\.000\.000\-00") -> 000.000.190-00 | AJ41: 9500 | AK41: 9500 | AM41: 66500 | AN41: 66500 | AO41: 66500 | AQ41: Dorne | AZ41: 000.000.131-00 | BA41: Dorne | BB41: 29200 | BC41: =IF(AND(TabelaClean14[[#This Row],[analise_risco]]="Arriscado",TabelaClean14[[#This Row],[analise_credito]]="Reprovado"),0,IF(TabelaClean14[[#This Row],[status]]="Ativo",TabelaClean14[[#This Row],[valor_solicitado]]*1.08,0)) -> 35640
A42: Ativo | B42: Margaery Hornwood | C42: 000.000.151-00 | D42: 25 | E42: 37125 | F42: =TabelaClean14[[#This Row],[CidadeCPF]] -> Dorne | G42: =TabelaClean14[[#This Row],[RegiaoCPF]] -> Dorne | H42: =_xlfn.XLOOKUP(TabelaClean14[[#This Row],[cpf]],TabelaDirty[cpfclean],TabelaDirty[cidade]) -> Dorne | I42: =_xlfn.XLOOKUP(TabelaClean14[[#This Row],[cpf]],TabelaDirty[cpfclean],TabelaDirty[regiao]) -> Dorne | J42: =PROPER(TabelaClean14[[#This Row],[Coluna1]]) -> Dorne | K42: =_xlfn.TEXTBEFORE(TabelaClean14[[#This Row],[CidadeCPF]]," | ") -> #N/A | L42: =_xlfn.TEXTAFTER(TabelaClean14[[#This Row],[CidadeCPF]]," | ") -> #N/A | M42: 2500 | N42: 72500 | O42: Não | P42: =IF(AND(TabelaClean14[[#This Row],[credito_tomado]]>50000, TabelaClean14[[#This Row],[flag_inadimplente]]="Sim"), "Reprovado", IF(OR(ISBLANK(TabelaClean14[[#This Row],[credito_tomado]]), ISBLANK(TabelaClean14[[#This Row],[flag_inadimplente]])), "null", "Aprovado")) -> Aprovado | Q42: 32 | R42: {=_xlfn.IFS(TabelaClean14[[#This Row],[qtde_batalhas]]<=10,"Baixo",TabelaClean14[[#This Row],[qtde_batalhas]]>=26,"Alto",TabelaClean14[[#This Row],[qtde_batalhas]]<26,"Médio")} -> Alto | S42: =IF(AND(TabelaClean14[[#This Row],[nivel_risco]]="Alto",TabelaClean14[[#This Row],[flag_inadimplente]]="Sim"),"Arriscado","Ok") -> Ok | T42: 97000 | U42: =IF(AND(TabelaClean14[[#This Row],[analise_risco]]="Arriscado",TabelaClean14[[#This Row],[analise_credito]]="Reprovado"),0,IF(TabelaClean14[[#This Row],[status]]="Ativo",TabelaClean14[[#This Row],[valor_solicitado]]*1.08,0)) -> 104760 | Y42: null | Z42: =PROPER(Y42) -> Null | AE42: 19200 | AF42: =TEXT(AE42,"000\.000\.000\-00") -> 000.000.192-00 | AJ42: 8600 moedas | AK42: 8600 | AM42: 19000 | AN42: 19000 | AO42: 19000 | AQ42: Winterfell | AZ42: 000.000.117-00 | BA42: Winterfell | BB42: 2500 | BC42: =IF(AND(TabelaClean14[[#This Row],[analise_risco]]="Arriscado",TabelaClean14[[#This Row],[analise_credito]]="Reprovado"),0,IF(TabelaClean14[[#This Row],[status]]="Ativo",TabelaClean14[[#This Row],[valor_solicitado]]*1.08,0)) -> 104760
A43: Ativo | B43: Gendry Cerwyn | C43: 000.000.153-00 | D43: 24 | E43: 37394 | F43: =TabelaClean14[[#This Row],[CidadeClean]] -> Lannisporto | G43: =TabelaClean14[[#This Row],[RegiaoClean]] -> Oeste | H43: =_xlfn.XLOOKUP(TabelaClean14[[#This Row],[cpf]],TabelaDirty[cpfclean],TabelaDirty[cidade]) -> Lannisporto | Oeste | I43: =_xlfn.XLOOKUP(TabelaClean14[[#This Row],[cpf]],TabelaDirty[cpfclean],TabelaDirty[regiao]) -> 0 | J43: Oeste | K43: =_xlfn.TEXTBEFORE(TabelaClean14[[#This Row],[CidadeCPF]]," | ") -> Lannisporto | L43: =_xlfn.TEXTAFTER(TabelaClean14[[#This Row],[CidadeCPF]]," | ") -> Oeste | M43: 14200 | N43: 71000 | O43: Não | P43: =IF(AND(TabelaClean14[[#This Row],[credito_tomado]]>50000, TabelaClean14[[#This Row],[flag_inadimplente]]="Sim"), "Reprovado", IF(OR(ISBLANK(TabelaClean14[[#This Row],[credito_tomado]]), ISBLANK(TabelaClean14[[#This Row],[flag_inadimplente]])), "null", "Aprovado")) -> Aprovado | Q43: 10 | R43: {=_xlfn.IFS(TabelaClean14[[#This Row],[qtde_batalhas]]<=10,"Baixo",TabelaClean14[[#This Row],[qtde_batalhas]]>=26,"Alto",TabelaClean14[[#This Row],[qtde_batalhas]]<26,"Médio")} -> Baixo | S43: =IF(AND(TabelaClean14[[#This Row],[nivel_risco]]="Alto",TabelaClean14[[#This Row],[flag_inadimplente]]="Sim"),"Arriscado","Ok") -> Ok | T43: 91500 | U43: =IF(AND(TabelaClean14[[#This Row],[analise_risco]]="Arriscado",TabelaClean14[[#This Row],[analise_credito]]="Reprovado"),0,IF(TabelaClean14[[#This Row],[status]]="Ativo",TabelaClean14[[#This Row],[valor_solicitado]]*1.08,0)) -> 98820 | Y43: Ilhas de Ferro | Z43: =PROPER(Y43) -> Ilhas De Ferro | AE43: 19300 | AF43: =TEXT(AE43,"000\.000\.000\-00") -> 000.000.193-00 | AJ43: 3800 | AK43: 3800 | AM43: 70000 | AN43: 70000 | AO43: 70000 | AQ43: Winterfell | AZ43: 000.000.164-00 | BA43: Winterfell | BB43: 14200 | BC43: =IF(AND(TabelaClean14[[#This Row],[analise_risco]]="Arriscado",TabelaClean14[[#This Row],[analise_credito]]="Reprovado"),0,IF(TabelaClean14[[#This Row],[status]]="Ativo",TabelaClean14[[#This Row],[valor_solicitado]]*1.08,0)) -> 98820
A44: Ativo | B44: Beric Karstark | C44: 000.000.172-00 | D44: 37 | E44: 32680 | F44: =TabelaClean14[[#This Row],[CidadeCPF]] -> Braavos | G44: =TabelaClean14[[#This Row],[RegiaoCPF]] -> Essos | H44: =_xlfn.XLOOKUP(TabelaClean14[[#This Row],[cpf]],TabelaDirty[cpfclean],TabelaDirty[cidade]) -> Braavos | I44: =_xlfn.XLOOKUP(TabelaClean14[[#This Row],[cpf]],TabelaDirty[cpfclean],TabelaDirty[regiao]) -> Essos | J44: =PROPER(TabelaClean14[[#This Row],[Coluna1]]) -> Essos | K44: =_xlfn.TEXTBEFORE(TabelaClean14[[#This Row],[CidadeCPF]]," | ") -> #N/A | L44: =_xlfn.TEXTAFTER(TabelaClean14[[#This Row],[CidadeCPF]]," | ") -> #N/A | M44: 28900 | N44: 71000 | O44: Não | P44: =IF(AND(TabelaClean14[[#This Row],[credito_tomado]]>50000, TabelaClean14[[#This Row],[flag_inadimplente]]="Sim"), "Reprovado", IF(OR(ISBLANK(TabelaClean14[[#This Row],[credito_tomado]]), ISBLANK(TabelaClean14[[#This Row],[flag_inadimplente]])), "null", "Aprovado")) -> Aprovado | Q44: 28 | R44: {=_xlfn.IFS(TabelaClean14[[#This Row],[qtde_batalhas]]<=10,"Baixo",TabelaClean14[[#This Row],[qtde_batalhas]]>=26,"Alto",TabelaClean14[[#This Row],[qtde_batalhas]]<26,"Médio")} -> Alto | S44: =IF(AND(TabelaClean14[[#This Row],[nivel_risco]]="Alto",TabelaClean14[[#This Row],[flag_inadimplente]]="Sim"),"Arriscado","Ok") -> Ok | T44: 36500 | U44: =IF(AND(TabelaClean14[[#This Row],[analise_risco]]="Arriscado",TabelaClean14[[#This Row],[analise_credito]]="Reprovado"),0,IF(TabelaClean14[[#This Row],[status]]="Ativo",TabelaClean14[[#This Row],[valor_solicitado]]*1.08,0)) -> 39420 | Y44: null | Z44: =PROPER(Y44) -> Null | AE44: 20700 | AF44: =TEXT(AE44,"000\.000\.000\-00") -> 000.000.207-00 | AJ44: 24700 | AK44: 24700 | AM44: 23500 moedas | AN44: 23500 | AO44: 23500 | AQ44: Pedra do Dragão | AZ44: 000.000.346-00 | BA44: Pedra do Dragão | BB44: 28900 | BC44: =IF(AND(TabelaClean14[[#This Row],[analise_risco]]="Arriscado",TabelaClean14[[#This Row],[analise_credito]]="Reprovado"),0,IF(TabelaClean14[[#This Row],[status]]="Ativo",TabelaClean14[[#This Row],[valor_solicitado]]*1.08,0)) -> 39420
A45: Ativo | B45: Arya Bolton | C45: 000.000.072-00 | D45: 72 | E45: 19852 | F45: Solar do Entardecer | G45: Terras Da Tempestade | H45: 27100 | I45: 71000 | J45: Não | K45: 32 | M45: 29500 | N45: 71000 | O45: Não | P45: =IF(AND(TabelaClean14[[#This Row],[credito_tomado]]>50000, TabelaClean14[[#This Row],[flag_inadimplente]]="Sim"), "Reprovado", IF(OR(ISBLANK(TabelaClean14[[#This Row],[credito_tomado]]), ISBLANK(TabelaClean14[[#This Row],[flag_inadimplente]])), "null", "Aprovado")) -> Aprovado | Q45: 32 | R45: {=_xlfn.IFS(TabelaClean14[[#This Row],[qtde_batalhas]]<=10,"Baixo",TabelaClean14[[#This Row],[qtde_batalhas]]>=26,"Alto",TabelaClean14[[#This Row],[qtde_batalhas]]<26,"Médio")} -> Alto | S45: =IF(AND(TabelaClean14[[#This Row],[nivel_risco]]="Alto",TabelaClean14[[#This Row],[flag_inadimplente]]="Sim"),"Arriscado","Ok") -> Ok | T45: 29500 | U45: =IF(AND(TabelaClean14[[#This Row],[analise_risco]]="Arriscado",TabelaClean14[[#This Row],[analise_credito]]="Reprovado"),0,IF(TabelaClean14[[#This Row],[status]]="Ativo",TabelaClean14[[#This Row],[valor_solicitado]]*1.08,0)) -> 31860 | Y45: null | Z45: =PROPER(Y45) -> Null | AE45: 20900 | AF45: =TEXT(AE45,"000\.000\.000\-00") -> 000.000.209-00 | AJ45: 6600 | AK45: 6600 | AM45: 50000 | AN45: 50000 | AO45: 50000 | AQ45: Braavos | AZ45: 000.000.269-00 | BA45: Braavos | BB45: 29500 | BC45: =IF(AND(TabelaClean14[[#This Row],[analise_risco]]="Arriscado",TabelaClean14[[#This Row],[analise_credito]]="Reprovado"),0,IF(TabelaClean14[[#This Row],[status]]="Ativo",TabelaClean14[[#This Row],[valor_solicitado]]*1.08,0)) -> 31860
A46: Ativo | B46: Loras Clegane | C46: 000.000.287-00 | D46: 58 | E46: 24911 | F46: =TabelaClean14[[#This Row],[CidadeCPF]] -> Harrenhal | G46: =TabelaClean14[[#This Row],[RegiaoCPF]] -> Terras Fluviais | H46: =_xlfn.XLOOKUP(TabelaClean14[[#This Row],[cpf]],TabelaDirty[cpfclean],TabelaDirty[cidade]) -> Harrenhal | I46: =_xlfn.XLOOKUP(TabelaClean14[[#This Row],[cpf]],TabelaDirty[cpfclean],TabelaDirty[regiao]) -> Terras Fluviais | J46: =PROPER(TabelaClean14[[#This Row],[Coluna1]]) -> Terras Fluviais | K46: =_xlfn.TEXTBEFORE(TabelaClean14[[#This Row],[CidadeCPF]]," | ") -> #N/A | L46: =_xlfn.TEXTAFTER(TabelaClean14[[#This Row],[CidadeCPF]]," | ") -> #N/A | M46: 25400 | N46: 70500 | O46: Sim | P46: =IF(AND(TabelaClean14[[#This Row],[credito_tomado]]>50000, TabelaClean14[[#This Row],[flag_inadimplente]]="Sim"), "Reprovado", IF(OR(ISBLANK(TabelaClean14[[#This Row],[credito_tomado]]), ISBLANK(TabelaClean14[[#This Row],[flag_inadimplente]])), "null", "Aprovado")) -> Reprovado | Q46: 11 | R46: {=_xlfn.IFS(TabelaClean14[[#This Row],[qtde_batalhas]]<=10,"Baixo",TabelaClean14[[#This Row],[qtde_batalhas]]>=26,"Alto",TabelaClean14[[#This Row],[qtde_batalhas]]<26,"Médio")} -> Médio | S46: =IF(AND(TabelaClean14[[#This Row],[nivel_risco]]="Alto",TabelaClean14[[#This Row],[flag_inadimplente]]="Sim"),"Arriscado","Ok") -> Ok | T46: 47000 | U46: =IF(AND(TabelaClean14[[#This Row],[analise_risco]]="Arriscado",TabelaClean14[[#This Row],[analise_credito]]="Reprovado"),0,IF(TabelaClean14[[#This Row],[status]]="Ativo",TabelaClean14[[#This Row],[valor_solicitado]]*1.08,0)) -> 50760 | Y46: null | Z46: =PROPER(Y46) -> Null | AE46: 21400 | AF46: =TEXT(AE46,"000\.000\.000\-00") -> 000.000.214-00 | AJ46: 5300 | AK46: 5300 | AM46: 6000 | AN46: 6000 | AO46: 6000 | AQ46: Meereen | AZ46: 000.000.196-00 | BA46: Meereen | BB46: 25400 | BC46: =IF(AND(TabelaClean14[[#This Row],[analise_risco]]="Arriscado",TabelaClean14[[#This Row],[analise_credito]]="Reprovado"),0,IF(TabelaClean14[[#This Row],[status]]="Ativo",TabelaClean14[[#This Row],[valor_solicitado]]*1.08,0)) -> 50760
A47: Ativo | B47: Jon Karstark | C47: 000.000.139-00 | D47: 55 | E47: 26161 | F47: =TabelaClean14[[#This Row],[CidadeCPF]] -> Jardim de Cima | G47: =TabelaClean14[[#This Row],[RegiaoCPF]] -> Campina | H47: =_xlfn.XLOOKUP(TabelaClean14[[#This Row],[cpf]],TabelaDirty[cpfclean],TabelaDirty[cidade]) -> Jardim de Cima | I47: Campina | J47: =PROPER(TabelaClean14[[#This Row],[Coluna1]]) -> Campina | K47: =_xlfn.TEXTBEFORE(TabelaClean14[[#This Row],[CidadeCPF]]," | ") -> #N/A | L47: =_xlfn.TEXTAFTER(TabelaClean14[[#This Row],[CidadeCPF]]," | ") -> #N/A | M47: 12200 | N47: 70500 | O47: Não | P47: =IF(AND(TabelaClean14[[#This Row],[credito_tomado]]>50000, TabelaClean14[[#This Row],[flag_inadimplente]]="Sim"), "Reprovado", IF(OR(ISBLANK(TabelaClean14[[#This Row],[credito_tomado]]), ISBLANK(TabelaClean14[[#This Row],[flag_inadimplente]])), "null", "Aprovado")) -> Aprovado | Q47: 33 | R47: {=_xlfn.IFS(TabelaClean14[[#This Row],[qtde_batalhas]]<=10,"Baixo",TabelaClean14[[#This Row],[qtde_batalhas]]>=26,"Alto",TabelaClean14[[#This Row],[qtde_batalhas]]<26,"Médio")} -> Alto | S47: =IF(AND(TabelaClean14[[#This Row],[nivel_risco]]="Alto",TabelaClean14[[#This Row],[flag_inadimplente]]="Sim"),"Arriscado","Ok") -> Ok | T47: 78000 | U47: =IF(AND(TabelaClean14[[#This Row],[analise_risco]]="Arriscado",TabelaClean14[[#This Row],[analise_credito]]="Reprovado"),0,IF(TabelaClean14[[#This Row],[status]]="Ativo",TabelaClean14[[#This Row],[valor_solicitado]]*1.08,0)) -> 84240 | Y47: null | Z47: =PROPER(Y47) -> Null | AE47: 21900 | AF47: =TEXT(AE47,"000\.000\.000\-00") -> 000.000.219-00 | AJ47: 6900 | AK47: 6900 | AM47: 52500 | AN47: 52500 | AO47: 52500 | AQ47: Ponta Tempestade | AZ47: 000.000.136-00 | BA47: Ponta Tempestade | BB47: 12200 | BC47: =IF(AND(TabelaClean14[[#This Row],[analise_risco]]="Arriscado",TabelaClean14[[#This Row],[analise_credito]]="Reprovado"),0,IF(TabelaClean14[[#This Row],[status]]="Ativo",TabelaClean14[[#This Row],[valor_solicitado]]*1.08,0)) -> 84240
A48: Inativo | B48: Brienne Reed | C48: 000.000.306-00 | D48: 68 | E48: 21293 | F48: =TabelaClean14[[#This Row],[CidadeCPF]] -> Pyke | G48: =TabelaClean14[[#This Row],[RegiaoCPF]] -> Ilhas De Ferro | H48: =_xlfn.XLOOKUP(TabelaClean14[[#This Row],[cpf]],TabelaDirty[cpfclean],TabelaDirty[cidade]) -> Pyke | I48: =_xlfn.XLOOKUP(TabelaClean14[[#This Row],[cpf]],TabelaDirty[cpfclean],TabelaDirty[regiao]) -> Ilhas de Ferro | J48: =PROPER(TabelaClean14[[#This Row],[Coluna1]]) -> Ilhas De Ferro | K48: =_xlfn.TEXTBEFORE(TabelaClean14[[#This Row],[CidadeCPF]]," | ") -> #N/A | L48: =_xlfn.TEXTAFTER(TabelaClean14[[#This Row],[CidadeCPF]]," | ") -> #N/A | M48: 3800 | N48: 70000 | O48: Sim | P48: =IF(AND(TabelaClean14[[#This Row],[credito_tomado]]>50000, TabelaClean14[[#This Row],[flag_inadimplente]]="Sim"), "Reprovado", IF(OR(ISBLANK(TabelaClean14[[#This Row],[credito_tomado]]), ISBLANK(TabelaClean14[[#This Row],[flag_inadimplente]])), "null", "Aprovado")) -> Reprovado | Q48: 34 | R48: {=_xlfn.IFS(TabelaClean14[[#This Row],[qtde_batalhas]]<=10,"Baixo",TabelaClean14[[#This Row],[qtde_batalhas]]>=26,"Alto",TabelaClean14[[#This Row],[qtde_batalhas]]<26,"Médio")} -> Alto | S48: =IF(AND(TabelaClean14[[#This Row],[nivel_risco]]="Alto",TabelaClean14[[#This Row],[flag_inadimplente]]="Sim"),"Arriscado","Ok") -> Arriscado | T48: 7500 | U48: =IF(AND(TabelaClean14[[#This Row],[analise_risco]]="Arriscado",TabelaClean14[[#This Row],[analise_credito]]="Reprovado"),0,IF(TabelaClean14[[#This Row],[status]]="Ativo",TabelaClean14[[#This Row],[valor_solicitado]]*1.08,0)) -> 0 | Y48: null | Z48: =PROPER(Y48) -> Null | AE48: 22300 | AF48: =TEXT(AE48,"000\.000\.000\-00") -> 000.000.223-00 | AJ48: 18400 | AK48: 18400 | AM48: 62000 | AN48: 62000 | AO48: 62000 | AQ48: Lannisporto | AZ48: 000.000.076-00 | BA48: Lannisporto | BB48: 3800 | BC48: =IF(AND(TabelaClean14[[#This Row],[analise_risco]]="Arriscado",TabelaClean14[[#This Row],[analise_credito]]="Reprovado"),0,IF(TabelaClean14[[#This Row],[status]]="Ativo",TabelaClean14[[#This Row],[valor_solicitado]]*1.08,0)) -> 0
A49: Ativo | B49: Missandei Arryn | C49: 000.000.368-00 | D49: 50 | E49: 27729 | F49: Pedra do Dragão | G49: Terras da Coroa | H49: 22800 | I49: 70000 | J49: Sim | M49: 25500 | N49: 70000 | O49: Sim | P49: =IF(AND(TabelaClean14[[#This Row],[credito_tomado]]>50000, TabelaClean14[[#This Row],[flag_inadimplente]]="Sim"), "Reprovado", IF(OR(ISBLANK(TabelaClean14[[#This Row],[credito_tomado]]), ISBLANK(TabelaClean14[[#This Row],[flag_inadimplente]])), "null", "Aprovado")) -> Reprovado | R49: {=_xlfn.IFS(TabelaClean14[[#This Row],[qtde_batalhas]]<=10,"Baixo",TabelaClean14[[#This Row],[qtde_batalhas]]>=26,"Alto",TabelaClean14[[#This Row],[qtde_batalhas]]<26,"Médio")} -> Baixo | S49: =IF(AND(TabelaClean14[[#This Row],[nivel_risco]]="Alto",TabelaClean14[[#This Row],[flag_inadimplente]]="Sim"),"Arriscado","Ok") -> Ok | T49: 25500 | U49: =IF(AND(TabelaClean14[[#This Row],[analise_risco]]="Arriscado",TabelaClean14[[#This Row],[analise_credito]]="Reprovado"),0,IF(TabelaClean14[[#This Row],[status]]="Ativo",TabelaClean14[[#This Row],[valor_solicitado]]*1.08,0)) -> 27540 | Y49: null | Z49: =PROPER(Y49) -> Null | AE49: 23000 | AF49: =TEXT(AE49,"000\.000\.000\-00") -> 000.000.230-00 | AJ49: 26800 moedas | AK49: 26800 | AM49: 42500 | AN49: 42500 | AO49: 42500 | AQ49: Porto Real | AZ49: 000.000.286-00 | BA49: Porto Real | BB49: 25500 | BC49: =IF(AND(TabelaClean14[[#This Row],[analise_risco]]="Arriscado",TabelaClean14[[#This Row],[analise_credito]]="Reprovado"),0,IF(TabelaClean14[[#This Row],[status]]="Ativo",TabelaClean14[[#This Row],[valor_solicitado]]*1.08,0)) -> 27540
A50: Ativo | B50: Rhaegar Targaryen | C50: 000.000.342-00 | D50: 51 | E50: 27413 | F50: =TabelaClean14[[#This Row],[CidadeCPF]] -> Fosso Cailin | G50: =TabelaClean14[[#This Row],[RegiaoCPF]] -> Norte | H50: =_xlfn.XLOOKUP(TabelaClean14[[#This Row],[cpf]],TabelaDirty[cpfclean],TabelaDirty[cidade]) -> Fosso Cailin | I50: =_xlfn.XLOOKUP(TabelaClean14[[#This Row],[cpf]],TabelaDirty[cpfclean],TabelaDirty[regiao]) -> NORTE | J50: =PROPER(TabelaClean14[[#This Row],[Coluna1]]) -> Norte | K50: =_xlfn.TEXTBEFORE(TabelaClean14[[#This Row],[CidadeCPF]]," | ") -> #N/A | L50: =_xlfn.TEXTAFTER(TabelaClean14[[#This Row],[CidadeCPF]]," | ") -> #N/A | M50: 18500 | N50: 69500 | O50: Não | P50: =IF(AND(TabelaClean14[[#This Row],[credito_tomado]]>50000, TabelaClean14[[#This Row],[flag_inadimplente]]="Sim"), "Reprovado", IF(OR(ISBLANK(TabelaClean14[[#This Row],[credito_tomado]]), ISBLANK(TabelaClean14[[#This Row],[flag_inadimplente]])), "null", "Aprovado")) -> Aprovado | Q50: 31 | R50: {=_xlfn.IFS(TabelaClean14[[#This Row],[qtde_batalhas]]<=10,"Baixo",TabelaClean14[[#This Row],[qtde_batalhas]]>=26,"Alto",TabelaClean14[[#This Row],[qtde_batalhas]]<26,"Médio")} -> Alto | S50: =IF(AND(TabelaClean14[[#This Row],[nivel_risco]]="Alto",TabelaClean14[[#This Row],[flag_inadimplente]]="Sim"),"Arriscado","Ok") -> Ok | T50: 18000 | U50: =IF(AND(TabelaClean14[[#This Row],[analise_risco]]="Arriscado",TabelaClean14[[#This Row],[analise_credito]]="Reprovado"),0,IF(TabelaClean14[[#This Row],[status]]="Ativo",TabelaClean14[[#This Row],[valor_solicitado]]*1.08,0)) -> 19440 | Y50: GARGALO | Z50: =PROPER(Y50) -> Gargalo | AE50: 23300 | AF50: =TEXT(AE50,"000\.000\.000\-00") -> 000.000.233-00 | AJ50: 3600 moedas | AK50: 3600 | AM50: 64500 | AN50: 64500 | AO50: 64500 | AQ50: Porto Real | AZ50: 000.000.179-00 | BA50: Porto Real | BB50: 18500 | BC50: =IF(AND(TabelaClean14[[#This Row],[analise_risco]]="Arriscado",TabelaClean14[[#This Row],[analise_credito]]="Reprovado"),0,IF(TabelaClean14[[#This Row],[status]]="Ativo",TabelaClean14[[#This Row],[valor_solicitado]]*1.08,0)) -> 19440
A51: Ativo | B51: Ramsay Karstark | C51: 000.000.185-00 | D51: 35 | E51: 33370 | F51: Pedra do Dragão | G51: Terras Da Coroa | H51: 5600 | I51: 69500 | J51: Não | K51: 13 | M51: 43500 | N51: 69500 | O51: Não | P51: =IF(AND(TabelaClean14[[#This Row],[credito_tomado]]>50000, TabelaClean14[[#This Row],[flag_inadimplente]]="Sim"), "Reprovado", IF(OR(ISBLANK(TabelaClean14[[#This Row],[credito_tomado]]), ISBLANK(TabelaClean14[[#This Row],[flag_inadimplente]])), "null", "Aprovado")) -> Aprovado | Q51: 13 | R51: {=_xlfn.IFS(TabelaClean14[[#This Row],[qtde_batalhas]]<=10,"Baixo",TabelaClean14[[#This Row],[qtde_batalhas]]>=26,"Alto",TabelaClean14[[#This Row],[qtde_batalhas]]<26,"Médio")} -> Médio | S51: =IF(AND(TabelaClean14[[#This Row],[nivel_risco]]="Alto",TabelaClean14[[#This Row],[flag_inadimplente]]="Sim"),"Arriscado","Ok") -> Ok | T51: 43500 | U51: =IF(AND(TabelaClean14[[#This Row],[analise_risco]]="Arriscado",TabelaClean14[[#This Row],[analise_credito]]="Reprovado"),0,IF(TabelaClean14[[#This Row],[status]]="Ativo",TabelaClean14[[#This Row],[valor_solicitado]]*1.08,0)) -> 46980 | Y51: null | Z51: =PROPER(Y51) -> Null | AE51: 23700 | AF51: =TEXT(AE51,"000\.000\.000\-00") -> 000.000.237-00 | AH51: Fosso Cailin | Norte | AI51: {=_xlfn.TEXTSPLIT(AH51," | ")} -> #VALUE! | AJ51: 20300 | AK51: 20300 | AM51: 12000 | AN51: 12000 | AO51: 12000 | AQ51: Pyke | AZ51: 000.000.274-00 | BA51: Pyke | BB51: 43500 | BC51: =IF(AND(TabelaClean14[[#This Row],[analise_risco]]="Arriscado",TabelaClean14[[#This Row],[analise_credito]]="Reprovado"),0,IF(TabelaClean14[[#This Row],[status]]="Ativo",TabelaClean14[[#This Row],[valor_solicitado]]*1.08,0)) -> 46980
A52: Ativo | B52: Catelyn Lannister | C52: 000.000.110-00 | D52: 33 | E52: 34070 | F52: =TabelaClean14[[#This Row],[CidadeCPF]] -> Solar do Entardecer | G52: =TabelaClean14[[#This Row],[RegiaoCPF]] -> Terras Da Tempestade | H52: =_xlfn.XLOOKUP(TabelaClean14[[#This Row],[cpf]],TabelaDirty[cpfclean],TabelaDirty[cidade]) -> Solar do Entardecer | I52: =_xlfn.XLOOKUP(TabelaClean14[[#This Row],[cpf]],TabelaDirty[cpfclean],TabelaDirty[regiao]) -> terras da tempestade | J52: =PROPER(TabelaClean14[[#This Row],[Coluna1]]) -> Terras Da Tempestade | K52: =_xlfn.TEXTBEFORE(TabelaClean14[[#This Row],[CidadeCPF]]," | ") -> #N/A | L52: =_xlfn.TEXTAFTER(TabelaClean14[[#This Row],[CidadeCPF]]," | ") -> #N/A | M52: 29300 | N52: 69000 | O52: Sim | P52: =IF(AND(TabelaClean14[[#This Row],[credito_tomado]]>50000, TabelaClean14[[#This Row],[flag_inadimplente]]="Sim"), "Reprovado", IF(OR(ISBLANK(TabelaClean14[[#This Row],[credito_tomado]]), ISBLANK(TabelaClean14[[#This Row],[flag_inadimplente]])), "null", "Aprovado")) -> Reprovado | Q52: 0 | R52: {=_xlfn.IFS(TabelaClean14[[#This Row],[qtde_batalhas]]<=10,"Baixo",TabelaClean14[[#This Row],[qtde_batalhas]]>=26,"Alto",TabelaClean14[[#This Row],[qtde_batalhas]]<26,"Médio")} -> Baixo | S52: =IF(AND(TabelaClean14[[#This Row],[nivel_risco]]="Alto",TabelaClean14[[#This Row],[flag_inadimplente]]="Sim"),"Arriscado","Ok") -> Ok | T52: 4500 | U52: =IF(AND(TabelaClean14[[#This Row],[analise_risco]]="Arriscado",TabelaClean14[[#This Row],[analise_credito]]="Reprovado"),0,IF(TabelaClean14[[#This Row],[status]]="Ativo",TabelaClean14[[#This Row],[valor_solicitado]]*1.08,0)) -> 4860 | Y52: null | Z52: =PROPER(Y52) -> Null | AE52: 23900 | AF52: =TEXT(AE52,"000\.000\.000\-00") -> 000.000.239-00 | AH52: Fosso Cailin | AJ52: 28000 | AK52: 28000 | AM52: 76500 moedas | AN52: 76500 | AO52: 76500 | AQ52: Lannisporto | AZ52: 000.000.016-00 | BA52: Lannisporto | BB52: 29300 | BC52: =IF(AND(TabelaClean14[[#This Row],[analise_risco]]="Arriscado",TabelaClean14[[#This Row],[analise_credito]]="Reprovado"),0,IF(TabelaClean14[[#This Row],[status]]="Ativo",TabelaClean14[[#This Row],[valor_solicitado]]*1.08,0)) -> 4860
A53: Ativo | B53: Bran Frey | C53: 000.000.189-00 | D53: 39 | E53: 31968 | F53: =TabelaClean14[[#This Row],[CidadeClean]] -> Ilha dos Ursos | G53: =TabelaClean14[[#This Row],[RegiaoClean]] -> Norte | H53: =_xlfn.XLOOKUP(TabelaClean14[[#This Row],[cpf]],TabelaDirty[cpfclean],TabelaDirty[cidade]) -> Ilha dos Ursos | Norte | I53: =_xlfn.XLOOKUP(TabelaClean14[[#This Row],[cpf]],TabelaDirty[cpfclean],TabelaDirty[regiao]) -> 0 | J53: Norte | K53: =_xlfn.TEXTBEFORE(TabelaClean14[[#This Row],[CidadeCPF]]," | ") -> Ilha dos Ursos | L53: =_xlfn.TEXTAFTER(TabelaClean14[[#This Row],[CidadeCPF]]," | ") -> Norte | M53: 8000 | N53: 69000 | O53: Não | P53: =IF(AND(TabelaClean14[[#This Row],[credito_tomado]]>50000, TabelaClean14[[#This Row],[flag_inadimplente]]="Sim"), "Reprovado", IF(OR(ISBLANK(TabelaClean14[[#This Row],[credito_tomado]]), ISBLANK(TabelaClean14[[#This Row],[flag_inadimplente]])), "null", "Aprovado")) -> Aprovado | Q53: 15 | R53: {=_xlfn.IFS(TabelaClean14[[#This Row],[qtde_batalhas]]<=10,"Baixo",TabelaClean14[[#This Row],[qtde_batalhas]]>=26,"Alto",TabelaClean14[[#This Row],[qtde_batalhas]]<26,"Médio")} -> Médio | S53: =IF(AND(TabelaClean14[[#This Row],[nivel_risco]]="Alto",TabelaClean14[[#This Row],[flag_inadimplente]]="Sim"),"Arriscado","Ok") -> Ok | T53: 39500 | U53: =IF(AND(TabelaClean14[[#This Row],[analise_risco]]="Arriscado",TabelaClean14[[#This Row],[analise_credito]]="Reprovado"),0,IF(TabelaClean14[[#This Row],[status]]="Ativo",TabelaClean14[[#This Row],[valor_solicitado]]*1.08,0)) -> 42660 | Y53: NORTE | Z53: =PROPER(Y53) -> Norte | AE53: 24000 | AF53: =TEXT(AE53,"000\.000\.000\-00") -> 000.000.240-00 | AH53: Porto Real | AJ53: 16000 | AK53: 16000 | AM53: 48000 | AN53: 48000 | AO53: 48000 | AQ53: Solar do Entardecer | AZ53: 000.000.107-00 | BA53: Solar do Entardecer | BB53: 8000 | BC53: =IF(AND(TabelaClean14[[#This Row],[analise_risco]]="Arriscado",TabelaClean14[[#This Row],[analise_credito]]="Reprovado"),0,IF(TabelaClean14[[#This Row],[status]]="Ativo",TabelaClean14[[#This Row],[valor_solicitado]]*1.08,0)) -> 42660
A54: Ativo | B54: Ellaria Seaworth | C54: 000.000.125-00 | D54: 23 | E54: 37627 | F54: =TabelaClean14[[#This Row],[CidadeCPF]] -> Correrrio | G54: =TabelaClean14[[#This Row],[RegiaoCPF]] -> Terras Fluviais | H54: =_xlfn.XLOOKUP(TabelaClean14[[#This Row],[cpf]],TabelaDirty[cpfclean],TabelaDirty[cidade]) -> Correrrio | I54: =_xlfn.XLOOKUP(TabelaClean14[[#This Row],[cpf]],TabelaDirty[cpfclean],TabelaDirty[regiao]) -> TERRAS FLUVIAIS | J54: =PROPER(TabelaClean14[[#This Row],[Coluna1]]) -> Terras Fluviais | K54: =_xlfn.TEXTBEFORE(TabelaClean14[[#This Row],[CidadeCPF]]," | ") -> #N/A | L54: =_xlfn.TEXTAFTER(TabelaClean14[[#This Row],[CidadeCPF]]," | ") -> #N/A | N54: 69000 | O54: Não | P54: =IF(AND(TabelaClean14[[#This Row],[credito_tomado]]>50000, TabelaClean14[[#This Row],[flag_inadimplente]]="Sim"), "Reprovado", IF(OR(ISBLANK(TabelaClean14[[#This Row],[credito_tomado]]), ISBLANK(TabelaClean14[[#This Row],[flag_inadimplente]])), "null", "Aprovado")) -> Aprovado | Q54: 20 | R54: {=_xlfn.IFS(TabelaClean14[[#This Row],[qtde_batalhas]]<=10,"Baixo",TabelaClean14[[#This Row],[qtde_batalhas]]>=26,"Alto",TabelaClean14[[#This Row],[qtde_batalhas]]<26,"Médio")} -> Médio | S54: =IF(AND(TabelaClean14[[#This Row],[nivel_risco]]="Alto",TabelaClean14[[#This Row],[flag_inadimplente]]="Sim"),"Arriscado","Ok") -> Ok | T54: 69000 | U54: =IF(AND(TabelaClean14[[#This Row],[analise_risco]]="Arriscado",TabelaClean14[[#This Row],[analise_credito]]="Reprovado"),0,IF(TabelaClean14[[#This Row],[status]]="Ativo",TabelaClean14[[#This Row],[valor_solicitado]]*1.08,0)) -> 74520 | Y54: null | Z54: =PROPER(Y54) -> Null | AE54: 24300 | AF54: =TEXT(AE54,"000\.000\.000\-00") -> 000.000.243-00 | AH54: Vilavelha | AJ54: 22900 | AK54: 22900 | AM54: 7500 | AN54: 7500 | AO54: 7500 | AQ54: Castelo Negro | AZ54: 000.000.069-00 | BA54: Castelo Negro | BC54: =IF(AND(TabelaClean14[[#This Row],[analise_risco]]="Arriscado",TabelaClean14[[#This Row],[analise_credito]]="Reprovado"),0,IF(TabelaClean14[[#This Row],[status]]="Ativo",TabelaClean14[[#This Row],[valor_solicitado]]*1.08,0)) -> 74520
A55: Inativo | B55: Cersei Glover | C55: 000.000.324-00 | D55: 49 | E55: 28286 | F55: =TabelaClean14[[#This Row],[CidadeCPF]] -> Pyke | G55: =TabelaClean14[[#This Row],[RegiaoCPF]] -> Ilhas De Ferro | H55: =_xlfn.XLOOKUP(TabelaClean14[[#This Row],[cpf]],TabelaDirty[cpfclean],TabelaDirty[cidade]) -> Pyke | I55: =_xlfn.XLOOKUP(TabelaClean14[[#This Row],[cpf]],TabelaDirty[cpfclean],TabelaDirty[regiao]) -> Ilhas De Ferro | J55: =PROPER(TabelaClean14[[#This Row],[Coluna1]]) -> Ilhas De Ferro | K55: =_xlfn.TEXTBEFORE(TabelaClean14[[#This Row],[CidadeCPF]]," | ") -> #N/A | L55: =_xlfn.TEXTAFTER(TabelaClean14[[#This Row],[CidadeCPF]]," | ") -> #N/A | M55: 21900 | N55: 69000 | O55: Não | P55: =IF(AND(TabelaClean14[[#This Row],[credito_tomado]]>50000, TabelaClean14[[#This Row],[flag_inadimplente]]="Sim"), "Reprovado", IF(OR(ISBLANK(TabelaClean14[[#This Row],[credito_tomado]]), ISBLANK(TabelaClean14[[#This Row],[flag_inadimplente]])), "null", "Aprovado")) -> Aprovado | Q55: 4 | R55: {=_xlfn.IFS(TabelaClean14[[#This Row],[qtde_batalhas]]<=10,"Baixo",TabelaClean14[[#This Row],[qtde_batalhas]]>=26,"Alto",TabelaClean14[[#This Row],[qtde_batalhas]]<26,"Médio")} -> Baixo | S55: =IF(AND(TabelaClean14[[#This Row],[nivel_risco]]="Alto",TabelaClean14[[#This Row],[flag_inadimplente]]="Sim"),"Arriscado","Ok") -> Ok | T55: 80500 | U55: =IF(AND(TabelaClean14[[#This Row],[analise_risco]]="Arriscado",TabelaClean14[[#This Row],[analise_credito]]="Reprovado"),0,IF(TabelaClean14[[#This Row],[status]]="Ativo",TabelaClean14[[#This Row],[valor_solicitado]]*1.08,0)) -> 0 | Y55: null | Z55: =PROPER(Y55) -> Null | AE55: 25200 | AF55: =TEXT(AE55,"000\.000\.000\-00") -> 000.000.252-00 | AH55: Dorne | AJ55: 13800 | AK55: 13800 | AM55: 42000 | AN55: 42000 | AO55: 42000 | AQ55: Ilha dos Ursos | AZ55: 000.000.231-00 | BA55: Ilha dos Ursos | BB55: 21900 | BC55: =IF(AND(TabelaClean14[[#This Row],[analise_risco]]="Arriscado",TabelaClean14[[#This Row],[analise_credito]]="Reprovado"),0,IF(TabelaClean14[[#This Row],[status]]="Ativo",TabelaClean14[[#This Row],[valor_solicitado]]*1.08,0)) -> 0
A56: Ativo | B56: Bran Frey | C56: 000.000.189-00 | D56: 39 | E56: 31968 | F56: Ilha dos Ursos | G56: Norte | H56: 8000 | I56: 69000 | J56: Não | M56: 6500 | N56: 69000 | O56: Não | P56: =IF(AND(TabelaClean14[[#This Row],[credito_tomado]]>50000, TabelaClean14[[#This Row],[flag_inadimplente]]="Sim"), "Reprovado", IF(OR(ISBLANK(TabelaClean14[[#This Row],[credito_tomado]]), ISBLANK(TabelaClean14[[#This Row],[flag_inadimplente]])), "null", "Aprovado")) -> Aprovado | R56: {=_xlfn.IFS(TabelaClean14[[#This Row],[qtde_batalhas]]<=10,"Baixo",TabelaClean14[[#This Row],[qtde_batalhas]]>=26,"Alto",TabelaClean14[[#This Row],[qtde_batalhas]]<26,"Médio")} -> Baixo | S56: =IF(AND(TabelaClean14[[#This Row],[nivel_risco]]="Alto",TabelaClean14[[#This Row],[flag_inadimplente]]="Sim"),"Arriscado","Ok") -> Ok | T56: 6500 | U56: =IF(AND(TabelaClean14[[#This Row],[analise_risco]]="Arriscado",TabelaClean14[[#This Row],[analise_credito]]="Reprovado"),0,IF(TabelaClean14[[#This Row],[status]]="Ativo",TabelaClean14[[#This Row],[valor_solicitado]]*1.08,0)) -> 7020 | Y56: null | Z56: =PROPER(Y56) -> Null | AE56: 25700 | AF56: =TEXT(AE56,"000\.000\.000\-00") -> 000.000.257-00 | AH56: Meereen | AJ56: 11100 | AK56: 11100 | AM56: 13000 | AN56: 13000 | AO56: 13000 | AQ56: Fosso Cailin | AZ56: 000.000.227-00 | BA56: Fosso Cailin | BB56: 6500 | BC56: =IF(AND(TabelaClean14[[#This Row],[analise_risco]]="Arriscado",TabelaClean14[[#This Row],[analise_credito]]="Reprovado"),0,IF(TabelaClean14[[#This Row],[status]]="Ativo",TabelaClean14[[#This Row],[valor_solicitado]]*1.08,0)) -> 7020
A57: Ativo | B57: Eddard Payne | C57: 000.000.159-00 | D57: 26 | E57: 36411 | F57: =TabelaClean14[[#This Row],[CidadeCPF]] -> Correrrio | G57: =TabelaClean14[[#This Row],[RegiaoCPF]] -> Terras Fluviais | H57: =_xlfn.XLOOKUP(TabelaClean14[[#This Row],[cpf]],TabelaDirty[cpfclean],TabelaDirty[cidade]) -> Correrrio | I57: =_xlfn.XLOOKUP(TabelaClean14[[#This Row],[cpf]],TabelaDirty[cpfclean],TabelaDirty[regiao]) -> Terras Fluviais | J57: =PROPER(TabelaClean14[[#This Row],[Coluna1]]) -> Terras Fluviais | K57: =_xlfn.TEXTBEFORE(TabelaClean14[[#This Row],[CidadeCPF]]," | ") -> #N/A | L57: =_xlfn.TEXTAFTER(TabelaClean14[[#This Row],[CidadeCPF]]," | ") -> #N/A | M57: 9200 | N57: 68500 | O57: Não | P57: =IF(AND(TabelaClean14[[#This Row],[credito_tomado]]>50000, TabelaClean14[[#This Row],[flag_inadimplente]]="Sim"), "Reprovado", IF(OR(ISBLANK(TabelaClean14[[#This Row],[credito_tomado]]), ISBLANK(TabelaClean14[[#This Row],[flag_inadimplente]])), "null", "Aprovado")) -> Aprovado | Q57: 27 | R57: {=_xlfn.IFS(TabelaClean14[[#This Row],[qtde_batalhas]]<=10,"Baixo",TabelaClean14[[#This Row],[qtde_batalhas]]>=26,"Alto",TabelaClean14[[#This Row],[qtde_batalhas]]<26,"Médio")} -> Alto | S57: =IF(AND(TabelaClean14[[#This Row],[nivel_risco]]="Alto",TabelaClean14[[#This Row],[flag_inadimplente]]="Sim"),"Arriscado","Ok") -> Ok | T57: 7000 | U57: =IF(AND(TabelaClean14[[#This Row],[analise_risco]]="Arriscado",TabelaClean14[[#This Row],[analise_credito]]="Reprovado"),0,IF(TabelaClean14[[#This Row],[status]]="Ativo",TabelaClean14[[#This Row],[valor_solicitado]]*1.08,0)) -> 7560 | Y57: Terras da Tempestade | Z57: =PROPER(Y57) -> Terras Da Tempestade | AE57: 26400 | AF57: =TEXT(AE57,"000\.000\.000\-00") -> 000.000.264-00 | AH57: Castelo Negro | AJ57: 24500 | AK57: 24500 | AM57: 16500 | AN57: 16500 | AO57: 16500 | AQ57: Pyke | AZ57: 000.000.057-00 | BA57: Pyke | BB57: 9200 | BC57: =IF(AND(TabelaClean14[[#This Row],[analise_risco]]="Arriscado",TabelaClean14[[#This Row],[analise_credito]]="Reprovado"),0,IF(TabelaClean14[[#This Row],[status]]="Ativo",TabelaClean14[[#This Row],[valor_solicitado]]*1.08,0)) -> 7560
A58: Ativo | B58: Rickon Lannister | C58: 000.000.197-00 | D58: 53 | E58: 26898 | F58: =TabelaClean14[[#This Row],[CidadeCPF]] -> Fosso Cailin | G58: =TabelaClean14[[#This Row],[RegiaoCPF]] -> Norte | H58: =_xlfn.XLOOKUP(TabelaClean14[[#This Row],[cpf]],TabelaDirty[cpfclean],TabelaDirty[cidade]) -> Fosso Cailin | I58: =_xlfn.XLOOKUP(TabelaClean14[[#This Row],[cpf]],TabelaDirty[cpfclean],TabelaDirty[regiao]) -> Norte | J58: =PROPER(TabelaClean14[[#This Row],[Coluna1]]) -> Norte | K58: =_xlfn.TEXTBEFORE(TabelaClean14[[#This Row],[CidadeCPF]]," | ") -> #N/A | L58: =_xlfn.TEXTAFTER(TabelaClean14[[#This Row],[CidadeCPF]]," | ") -> #N/A | M58: 27100 | N58: 68000 | O58: Não | P58: =IF(AND(TabelaClean14[[#This Row],[credito_tomado]]>50000, TabelaClean14[[#This Row],[flag_inadimplente]]="Sim"), "Reprovado", IF(OR(ISBLANK(TabelaClean14[[#This Row],[credito_tomado]]), ISBLANK(TabelaClean14[[#This Row],[flag_inadimplente]])), "null", "Aprovado")) -> Aprovado | Q58: 40 | R58: {=_xlfn.IFS(TabelaClean14[[#This Row],[qtde_batalhas]]<=10,"Baixo",TabelaClean14[[#This Row],[qtde_batalhas]]>=26,"Alto",TabelaClean14[[#This Row],[qtde_batalhas]]<26,"Médio")} -> Alto | S58: =IF(AND(TabelaClean14[[#This Row],[nivel_risco]]="Alto",TabelaClean14[[#This Row],[flag_inadimplente]]="Sim"),"Arriscado","Ok") -> Ok | T58: 49500 | U58: =IF(AND(TabelaClean14[[#This Row],[analise_risco]]="Arriscado",TabelaClean14[[#This Row],[analise_credito]]="Reprovado"),0,IF(TabelaClean14[[#This Row],[status]]="Ativo",TabelaClean14[[#This Row],[valor_solicitado]]*1.08,0)) -> 53460 | Y58: null | Z58: =PROPER(Y58) -> Null | AE58: 26700 | AF58: =TEXT(AE58,"000\.000\.000\-00") -> 000.000.267-00 | AH58: Pyke | AJ58: 13800 | AK58: 13800 | AM58: 45500 | AN58: 45500 | AO58: 45500 | AQ58: Fosso Cailin | AZ58: 000.000.205-00 | BA58: Fosso Cailin | BB58: 27100 | BC58: =IF(AND(TabelaClean14[[#This Row],[analise_risco]]="Arriscado",TabelaClean14[[#This Row],[analise_credito]]="Reprovado"),0,IF(TabelaClean14[[#This Row],[status]]="Ativo",TabelaClean14[[#This Row],[valor_solicitado]]*1.08,0)) -> 53460
A59: Ativo | B59: Loras Greyjoy | C59: 000.000.362-00 | D59: 68 | E59: 21145 | F59: =TabelaClean14[[#This Row],[CidadeCPF]] -> Fosso Cailin | G59: =TabelaClean14[[#This Row],[RegiaoCPF]] -> Norte | H59: =_xlfn.XLOOKUP(TabelaClean14[[#This Row],[cpf]],TabelaDirty[cpfclean],TabelaDirty[cidade]) -> Fosso Cailin | I59: =_xlfn.XLOOKUP(TabelaClean14[[#This Row],[cpf]],TabelaDirty[cpfclean],TabelaDirty[regiao]) -> Norte | J59: =PROPER(TabelaClean14[[#This Row],[Coluna1]]) -> Norte | K59: =_xlfn.TEXTBEFORE(TabelaClean14[[#This Row],[CidadeCPF]]," | ") -> #N/A | L59: =_xlfn.TEXTAFTER(TabelaClean14[[#This Row],[CidadeCPF]]," | ") -> #N/A | M59: 29000 | N59: 67500 | O59: Não | P59: =IF(AND(TabelaClean14[[#This Row],[credito_tomado]]>50000, TabelaClean14[[#This Row],[flag_inadimplente]]="Sim"), "Reprovado", IF(OR(ISBLANK(TabelaClean14[[#This Row],[credito_tomado]]), ISBLANK(TabelaClean14[[#This Row],[flag_inadimplente]])), "null", "Aprovado")) -> Aprovado | Q59: 25 | R59: {=_xlfn.IFS(TabelaClean14[[#This Row],[qtde_batalhas]]<=10,"Baixo",TabelaClean14[[#This Row],[qtde_batalhas]]>=26,"Alto",TabelaClean14[[#This Row],[qtde_batalhas]]<26,"Médio")} -> Médio | S59: =IF(AND(TabelaClean14[[#This Row],[nivel_risco]]="Alto",TabelaClean14[[#This Row],[flag_inadimplente]]="Sim"),"Arriscado","Ok") -> Ok | T59: 18000 | U59: =IF(AND(TabelaClean14[[#This Row],[analise_risco]]="Arriscado",TabelaClean14[[#This Row],[analise_credito]]="Reprovado"),0,IF(TabelaClean14[[#This Row],[status]]="Ativo",TabelaClean14[[#This Row],[valor_solicitado]]*1.08,0)) -> 19440 | Y59: null | Z59: =PROPER(Y59) -> Null | AE59: 27100 | AF59: =TEXT(AE59,"000\.000\.000\-00") -> 000.000.271-00 | AH59: Ponta Tempestade | AJ59: 29300 | AK59: 29300 | AM59: 69000 | AN59: 69000 | AO59: 69000 | AQ59: Fosso Cailin | AZ59: 000.000.272-00 | BA59: Fosso Cailin | BB59: 29000 | BC59: =IF(AND(TabelaClean14[[#This Row],[analise_risco]]="Arriscado",TabelaClean14[[#This Row],[analise_credito]]="Reprovado"),0,IF(TabelaClean14[[#This Row],[status]]="Ativo",TabelaClean14[[#This Row],[valor_solicitado]]*1.08,0)) -> 19440
A60: Inativo | B60: Tyrion Blackwood | C60: 000.000.100-00 | D60: 67 | E60: 21674 | F60: =TabelaClean14[[#This Row],[CidadeCPF]] -> Atalaia da Água Cinzenta | G60: =TabelaClean14[[#This Row],[RegiaoCPF]] -> Gargalo | H60: =_xlfn.XLOOKUP(TabelaClean14[[#This Row],[cpf]],TabelaDirty[cpfclean],TabelaDirty[cidade]) -> Atalaia da Água Cinzenta | I60: =_xlfn.XLOOKUP(TabelaClean14[[#This Row],[cpf]],TabelaDirty[cpfclean],TabelaDirty[regiao]) -> Gargalo | J60: =PROPER(TabelaClean14[[#This Row],[Coluna1]]) -> Gargalo | K60: =_xlfn.TEXTBEFORE(TabelaClean14[[#This Row],[CidadeCPF]]," | ") -> #N/A | L60: =_xlfn.TEXTAFTER(TabelaClean14[[#This Row],[CidadeCPF]]," | ") -> #N/A | M60: 15200 | N60: 67500 | O60: Não | P60: =IF(AND(TabelaClean14[[#This Row],[credito_tomado]]>50000, TabelaClean14[[#This Row],[flag_inadimplente]]="Sim"), "Reprovado", IF(OR(ISBLANK(TabelaClean14[[#This Row],[credito_tomado]]), ISBLANK(TabelaClean14[[#This Row],[flag_inadimplente]])), "null", "Aprovado")) -> Aprovado | Q60: 12 | R60: {=_xlfn.IFS(TabelaClean14[[#This Row],[qtde_batalhas]]<=10,"Baixo",TabelaClean14[[#This Row],[qtde_batalhas]]>=26,"Alto",TabelaClean14[[#This Row],[qtde_batalhas]]<26,"Médio")} -> Médio | S60: =IF(AND(TabelaClean14[[#This Row],[nivel_risco]]="Alto",TabelaClean14[[#This Row],[flag_inadimplente]]="Sim"),"Arriscado","Ok") -> Ok | T60: 97500 | U60: =IF(AND(TabelaClean14[[#This Row],[analise_risco]]="Arriscado",TabelaClean14[[#This Row],[analise_credito]]="Reprovado"),0,IF(TabelaClean14[[#This Row],[status]]="Ativo",TabelaClean14[[#This Row],[valor_solicitado]]*1.08,0)) -> 0 | Y60: Norte | Z60: =PROPER(Y60) -> Norte | AE60: 27200 | AF60: =TEXT(AE60,"000\.000\.000\-00") -> 000.000.272-00 | AH60: Lannisporto | AJ60: 11200 | AK60: 11200 | AN60: null | AO60: null | AQ60: Pyke | AZ60: 000.000.288-00 | BA60: Pyke | BB60: 15200 | BC60: =IF(AND(TabelaClean14[[#This Row],[analise_risco]]="Arriscado",TabelaClean14[[#This Row],[analise_credito]]="Reprovado"),0,IF(TabelaClean14[[#This Row],[status]]="Ativo",TabelaClean14[[#This Row],[valor_solicitado]]*1.08,0)) -> 0
A61: Ativo | B61: Tyrion Karstark | C61: 000.000.038-00 | D61: 41 | E61: 30992 | F61: =TabelaClean14[[#This Row],[CidadeCPF]] -> Lannisporto | G61: =TabelaClean14[[#This Row],[RegiaoCPF]] -> Oeste | H61: =_xlfn.XLOOKUP(TabelaClean14[[#This Row],[cpf]],TabelaDirty[cpfclean],TabelaDirty[cidade]) -> Lannisporto | I61: =_xlfn.XLOOKUP(TabelaClean14[[#This Row],[cpf]],TabelaDirty[cpfclean],TabelaDirty[regiao]) -> OESTE | J61: =PROPER(TabelaClean14[[#This Row],[Coluna1]]) -> Oeste | K61: =_xlfn.TEXTBEFORE(TabelaClean14[[#This Row],[CidadeCPF]]," | ") -> #N/A | L61: =_xlfn.TEXTAFTER(TabelaClean14[[#This Row],[CidadeCPF]]," | ") -> #N/A | M61: 28600 | N61: 67500 | O61: Não | P61: =IF(AND(TabelaClean14[[#This Row],[credito_tomado]]>50000, TabelaClean14[[#This Row],[flag_inadimplente]]="Sim"), "Reprovado", IF(OR(ISBLANK(TabelaClean14[[#This Row],[credito_tomado]]), ISBLANK(TabelaClean14[[#This Row],[flag_inadimplente]])), "null", "Aprovado")) -> Aprovado | Q61: 39 | R61: {=_xlfn.IFS(TabelaClean14[[#This Row],[qtde_batalhas]]<=10,"Baixo",TabelaClean14[[#This Row],[qtde_batalhas]]>=26,"Alto",TabelaClean14[[#This Row],[qtde_batalhas]]<26,"Médio")} -> Alto | S61: =IF(AND(TabelaClean14[[#This Row],[nivel_risco]]="Alto",TabelaClean14[[#This Row],[flag_inadimplente]]="Sim"),"Arriscado","Ok") -> Ok | T61: 22000 | U61: =IF(AND(TabelaClean14[[#This Row],[analise_risco]]="Arriscado",TabelaClean14[[#This Row],[analise_credito]]="Reprovado"),0,IF(TabelaClean14[[#This Row],[status]]="Ativo",TabelaClean14[[#This Row],[valor_solicitado]]*1.08,0)) -> 23760 | Y61: Norte | Z61: =PROPER(Y61) -> Norte | AE61: 27300 | AF61: =TEXT(AE61,"000\.000\.000\-00") -> 000.000.273-00 | AH61: Jardim de Cima | AJ61: 14000 | AK61: 14000 | AM61: 63500 | AN61: 63500 | AO61: 63500 | AQ61: Solar do Entardecer | AZ61: 000.000.144-00 | BA61: Solar do Entardecer | BB61: 28600 | BC61: =IF(AND(TabelaClean14[[#This Row],[analise_risco]]="Arriscado",TabelaClean14[[#This Row],[analise_credito]]="Reprovado"),0,IF(TabelaClean14[[#This Row],[status]]="Ativo",TabelaClean14[[#This Row],[valor_solicitado]]*1.08,0)) -> 23760
A62: Ativo | B62: Brienne Mallister | C62: 000.000.202-00 | D62: 53 | E62: 26840 | F62: =TabelaClean14[[#This Row],[CidadeClean]] -> Ilha dos Ursos | G62: =TabelaClean14[[#This Row],[RegiaoClean]] -> Norte | H62: =_xlfn.XLOOKUP(TabelaClean14[[#This Row],[cpf]],TabelaDirty[cpfclean],TabelaDirty[cidade]) -> Ilha dos Ursos | Norte | I62: =_xlfn.XLOOKUP(TabelaClean14[[#This Row],[cpf]],TabelaDirty[cpfclean],TabelaDirty[regiao]) -> 0 | J62: Norte | K62: =_xlfn.TEXTBEFORE(TabelaClean14[[#This Row],[CidadeCPF]]," | ") -> Ilha dos Ursos | L62: =_xlfn.TEXTAFTER(TabelaClean14[[#This Row],[CidadeCPF]]," | ") -> Norte | M62: 9500 | N62: 66500 | O62: Sim | P62: =IF(AND(TabelaClean14[[#This Row],[credito_tomado]]>50000, TabelaClean14[[#This Row],[flag_inadimplente]]="Sim"), "Reprovado", IF(OR(ISBLANK(TabelaClean14[[#This Row],[credito_tomado]]), ISBLANK(TabelaClean14[[#This Row],[flag_inadimplente]])), "null", "Aprovado")) -> Reprovado | Q62: 38 | R62: {=_xlfn.IFS(TabelaClean14[[#This Row],[qtde_batalhas]]<=10,"Baixo",TabelaClean14[[#This Row],[qtde_batalhas]]>=26,"Alto",TabelaClean14[[#This Row],[qtde_batalhas]]<26,"Médio")} -> Alto | S62: =IF(AND(TabelaClean14[[#This Row],[nivel_risco]]="Alto",TabelaClean14[[#This Row],[flag_inadimplente]]="Sim"),"Arriscado","Ok") -> Arriscado | T62: 42500 | U62: =IF(AND(TabelaClean14[[#This Row],[analise_risco]]="Arriscado",TabelaClean14[[#This Row],[analise_credito]]="Reprovado"),0,IF(TabelaClean14[[#This Row],[status]]="Ativo",TabelaClean14[[#This Row],[valor_solicitado]]*1.08,0)) -> 0 | Y62: null | Z62: =PROPER(Y62) -> Null | AE62: 27800 | AF62: =TEXT(AE62,"000\.000\.000\-00") -> 000.000.278-00 | AH62: Ilha dos Ursos | AJ62: 2900 | AK62: 2900 | AM62: 76000 | AN62: 76000 | AO62: 76000 | AQ62: Dorne | AZ62: 000.000.046-00 | BA62: Dorne | BB62: 9500 | BC62: =IF(AND(TabelaClean14[[#This Row],[analise_risco]]="Arriscado",TabelaClean14[[#This Row],[analise_credito]]="Reprovado"),0,IF(TabelaClean14[[#This Row],[status]]="Ativo",TabelaClean14[[#This Row],[valor_solicitado]]*1.08,0)) -> 0
A63: Inativo | B63: Loras Baelish | C63: 000.000.217-00 | D63: 68 | E63: 21205 | F63: =TabelaClean14[[#This Row],[CidadeCPF]] -> Jardim de Cima | G63: =TabelaClean14[[#This Row],[RegiaoCPF]] -> Campina | H63: =_xlfn.XLOOKUP(TabelaClean14[[#This Row],[cpf]],TabelaDirty[cpfclean],TabelaDirty[cidade]) -> Jardim de Cima | I63: =_xlfn.XLOOKUP(TabelaClean14[[#This Row],[cpf]],TabelaDirty[cpfclean],TabelaDirty[regiao]) -> Campina | J63: =PROPER(TabelaClean14[[#This Row],[Coluna1]]) -> Campina | K63: =_xlfn.TEXTBEFORE(TabelaClean14[[#This Row],[CidadeCPF]]," | ") -> #N/A | L63: =_xlfn.TEXTAFTER(TabelaClean14[[#This Row],[CidadeCPF]]," | ") -> #N/A | M63: 8200 | N63: 66000 | O63: Não | P63: =IF(AND(TabelaClean14[[#This Row],[credito_tomado]]>50000, TabelaClean14[[#This Row],[flag_inadimplente]]="Sim"), "Reprovado", IF(OR(ISBLANK(TabelaClean14[[#This Row],[credito_tomado]]), ISBLANK(TabelaClean14[[#This Row],[flag_inadimplente]])), "null", "Aprovado")) -> Aprovado | Q63: 16 | R63: {=_xlfn.IFS(TabelaClean14[[#This Row],[qtde_batalhas]]<=10,"Baixo",TabelaClean14[[#This Row],[qtde_batalhas]]>=26,"Alto",TabelaClean14[[#This Row],[qtde_batalhas]]<26,"Médio")} -> Médio | S63: =IF(AND(TabelaClean14[[#This Row],[nivel_risco]]="Alto",TabelaClean14[[#This Row],[flag_inadimplente]]="Sim"),"Arriscado","Ok") -> Ok | T63: 84000 | U63: =IF(AND(TabelaClean14[[#This Row],[analise_risco]]="Arriscado",TabelaClean14[[#This Row],[analise_credito]]="Reprovado"),0,IF(TabelaClean14[[#This Row],[status]]="Ativo",TabelaClean14[[#This Row],[valor_solicitado]]*1.08,0)) -> 0 | Y63: Essos | Z63: =PROPER(Y63) -> Essos | AE63: 27900 | AF63: =TEXT(AE63,"000\.000\.000\-00") -> 000.000.279-00 | AH63: Castelo Negro | AJ63: 19500 moedas | AK63: 19500 | AM63: 62000 | AN63: 62000 | AO63: 62000 | AQ63: Jardim de Cima | AZ63: 000.000.220-00 | BA63: Jardim de Cima | BB63: 8200 | BC63: =IF(AND(TabelaClean14[[#This Row],[analise_risco]]="Arriscado",TabelaClean14[[#This Row],[analise_credito]]="Reprovado"),0,IF(TabelaClean14[[#This Row],[status]]="Ativo",TabelaClean14[[#This Row],[valor_solicitado]]*1.08,0)) -> 0
A64: Ativo | B64: Renly Stark | C64: 000.000.252-00 | D64: 44 | E64: 30081 | F64: =TabelaClean14[[#This Row],[CidadeCPF]] -> Braavos | G64: =TabelaClean14[[#This Row],[RegiaoCPF]] -> Essos | H64: =_xlfn.XLOOKUP(TabelaClean14[[#This Row],[cpf]],TabelaDirty[cpfclean],TabelaDirty[cidade]) -> Braavos | I64: =_xlfn.XLOOKUP(TabelaClean14[[#This Row],[cpf]],TabelaDirty[cpfclean],TabelaDirty[regiao]) -> Essos | J64: =PROPER(TabelaClean14[[#This Row],[Coluna1]]) -> Essos | K64: =_xlfn.TEXTBEFORE(TabelaClean14[[#This Row],[CidadeCPF]]," | ") -> #N/A | L64: =_xlfn.TEXTAFTER(TabelaClean14[[#This Row],[CidadeCPF]]," | ") -> #N/A | M64: 9600 | N64: 66000 | O64: Não | P64: =IF(AND(TabelaClean14[[#This Row],[credito_tomado]]>50000, TabelaClean14[[#This Row],[flag_inadimplente]]="Sim"), "Reprovado", IF(OR(ISBLANK(TabelaClean14[[#This Row],[credito_tomado]]), ISBLANK(TabelaClean14[[#This Row],[flag_inadimplente]])), "null", "Aprovado")) -> Aprovado | Q64: 11 | R64: {=_xlfn.IFS(TabelaClean14[[#This Row],[qtde_batalhas]]<=10,"Baixo",TabelaClean14[[#This Row],[qtde_batalhas]]>=26,"Alto",TabelaClean14[[#This Row],[qtde_batalhas]]<26,"Médio")} -> Médio | S64: =IF(AND(TabelaClean14[[#This Row],[nivel_risco]]="Alto",TabelaClean14[[#This Row],[flag_inadimplente]]="Sim"),"Arriscado","Ok") -> Ok | T64: 4500 | U64: =IF(AND(TabelaClean14[[#This Row],[analise_risco]]="Arriscado",TabelaClean14[[#This Row],[analise_credito]]="Reprovado"),0,IF(TabelaClean14[[#This Row],[status]]="Ativo",TabelaClean14[[#This Row],[valor_solicitado]]*1.08,0)) -> 4860 | Y64: null | Z64: =PROPER(Y64) -> Null | AE64: 29500 | AF64: =TEXT(AE64,"000\.000\.000\-00") -> 000.000.295-00 | AH64: Harrenhal | AJ64: 19500 moedas | AK64: 19500 | AM64: 39000 | AN64: 39000 | AO64: 39000 | AQ64: Jardim de Cima | AZ64: 000.000.166-00 | BA64: Jardim de Cima | BB64: 9600 | BC64: =IF(AND(TabelaClean14[[#This Row],[analise_risco]]="Arriscado",TabelaClean14[[#This Row],[analise_credito]]="Reprovado"),0,IF(TabelaClean14[[#This Row],[status]]="Ativo",TabelaClean14[[#This Row],[valor_solicitado]]*1.08,0)) -> 4860
A65: Ativo | B65: Stannis Seaworth | C65: 000.000.316-00 | D65: 64 | E65: 22886 | F65: =TabelaClean14[[#This Row],[CidadeCPF]] -> Pyke | G65: =TabelaClean14[[#This Row],[RegiaoCPF]] -> Ilhas De Ferro | H65: =_xlfn.XLOOKUP(TabelaClean14[[#This Row],[cpf]],TabelaDirty[cpfclean],TabelaDirty[cidade]) -> Pyke | I65: =_xlfn.XLOOKUP(TabelaClean14[[#This Row],[cpf]],TabelaDirty[cpfclean],TabelaDirty[regiao]) -> Ilhas de Ferro | J65: =PROPER(TabelaClean14[[#This Row],[Coluna1]]) -> Ilhas De Ferro | K65: =_xlfn.TEXTBEFORE(TabelaClean14[[#This Row],[CidadeCPF]]," | ") -> #N/A | L65: =_xlfn.TEXTAFTER(TabelaClean14[[#This Row],[CidadeCPF]]," | ") -> #N/A | M65: 8800 | N65: 66000 | O65: Não | P65: =IF(AND(TabelaClean14[[#This Row],[credito_tomado]]>50000, TabelaClean14[[#This Row],[flag_inadimplente]]="Sim"), "Reprovado", IF(OR(ISBLANK(TabelaClean14[[#This Row],[credito_tomado]]), ISBLANK(TabelaClean14[[#This Row],[flag_inadimplente]])), "null", "Aprovado")) -> Aprovado | Q65: 28 | R65: {=_xlfn.IFS(TabelaClean14[[#This Row],[qtde_batalhas]]<=10,"Baixo",TabelaClean14[[#This Row],[qtde_batalhas]]>=26,"Alto",TabelaClean14[[#This Row],[qtde_batalhas]]<26,"Médio")} -> Alto | S65: =IF(AND(TabelaClean14[[#This Row],[nivel_risco]]="Alto",TabelaClean14[[#This Row],[flag_inadimplente]]="Sim"),"Arriscado","Ok") -> Ok | T65: 5000 | U65: =IF(AND(TabelaClean14[[#This Row],[analise_risco]]="Arriscado",TabelaClean14[[#This Row],[analise_credito]]="Reprovado"),0,IF(TabelaClean14[[#This Row],[status]]="Ativo",TabelaClean14[[#This Row],[valor_solicitado]]*1.08,0)) -> 5400 | Y65: null | Z65: =PROPER(Y65) -> Null | AE65: 29900 | AF65: =TEXT(AE65,"000\.000\.000\-00") -> 000.000.299-00 | AH65: Solar do Entardecer | AJ65: 9500 | AK65: 9500 | AM65: 58000 | AN65: 58000 | AO65: 58000 | AQ65: Ponta Tempestade | AZ65: 000.000.208-00 | BA65: Ponta Tempestade | BB65: 8800 | BC65: =IF(AND(TabelaClean14[[#This Row],[analise_risco]]="Arriscado",TabelaClean14[[#This Row],[analise_credito]]="Reprovado"),0,IF(TabelaClean14[[#This Row],[status]]="Ativo",TabelaClean14[[#This Row],[valor_solicitado]]*1.08,0)) -> 5400
A66: Ativo | B66: Stannis Westerling | C66: 000.000.071-00 | D66: null | E66: 34769 | F66: =TabelaClean14[[#This Row],[CidadeCPF]] -> Lannisporto | G66: =TabelaClean14[[#This Row],[RegiaoCPF]] -> Oeste | H66: =_xlfn.XLOOKUP(TabelaClean14[[#This Row],[cpf]],TabelaDirty[cpfclean],TabelaDirty[cidade]) -> Lannisporto | I66: =_xlfn.XLOOKUP(TabelaClean14[[#This Row],[cpf]],TabelaDirty[cpfclean],TabelaDirty[regiao]) -> oeste | J66: =PROPER(TabelaClean14[[#This Row],[Coluna1]]) -> Oeste | K66: =_xlfn.TEXTBEFORE(TabelaClean14[[#This Row],[CidadeCPF]]," | ") -> #N/A | L66: =_xlfn.TEXTAFTER(TabelaClean14[[#This Row],[CidadeCPF]]," | ") -> #N/A | M66: 9000 | N66: 66000 | O66: Não | P66: =IF(AND(TabelaClean14[[#This Row],[credito_tomado]]>50000, TabelaClean14[[#This Row],[flag_inadimplente]]="Sim"), "Reprovado", IF(OR(ISBLANK(TabelaClean14[[#This Row],[credito_tomado]]), ISBLANK(TabelaClean14[[#This Row],[flag_inadimplente]])), "null", "Aprovado")) -> Aprovado | Q66: 24 | R66: {=_xlfn.IFS(TabelaClean14[[#This Row],[qtde_batalhas]]<=10,"Baixo",TabelaClean14[[#This Row],[qtde_batalhas]]>=26,"Alto",TabelaClean14[[#This Row],[qtde_batalhas]]<26,"Médio")} -> Médio | S66: =IF(AND(TabelaClean14[[#This Row],[nivel_risco]]="Alto",TabelaClean14[[#This Row],[flag_inadimplente]]="Sim"),"Arriscado","Ok") -> Ok | T66: 72000 | U66: =IF(AND(TabelaClean14[[#This Row],[analise_risco]]="Arriscado",TabelaClean14[[#This Row],[analise_credito]]="Reprovado"),0,IF(TabelaClean14[[#This Row],[status]]="Ativo",TabelaClean14[[#This Row],[valor_solicitado]]*1.08,0)) -> 77760 | Y66: Dorne | Z66: =PROPER(Y66) -> Dorne | AE66: 30000 | AF66: =TEXT(AE66,"000\.000\.000\-00") -> 000.000.300-00 | AH66: Fosso Cailin | AJ66: 25200 | AK66: 25200 | AM66: 0 | AN66: 0 | AO66: 0 | AQ66: Porto Real | AZ66: 000.000.229-00 | BA66: Porto Real | BB66: 9000 | BC66: =IF(AND(TabelaClean14[[#This Row],[analise_risco]]="Arriscado",TabelaClean14[[#This Row],[analise_credito]]="Reprovado"),0,IF(TabelaClean14[[#This Row],[status]]="Ativo",TabelaClean14[[#This Row],[valor_solicitado]]*1.08,0)) -> 77760
A67: Ativo | B67: Theon Baratheon | C67: 000.000.375-00 | D67: 26 | E67: 36622 | F67: =TabelaClean14[[#This Row],[CidadeCPF]] -> Dorne | G67: =TabelaClean14[[#This Row],[RegiaoCPF]] -> Dorne | H67: =_xlfn.XLOOKUP(TabelaClean14[[#This Row],[cpf]],TabelaDirty[cpfclean],TabelaDirty[cidade]) -> Dorne | I67: =_xlfn.XLOOKUP(TabelaClean14[[#This Row],[cpf]],TabelaDirty[cpfclean],TabelaDirty[regiao]) -> Dorne | J67: =PROPER(TabelaClean14[[#This Row],[Coluna1]]) -> Dorne | K67: =_xlfn.TEXTBEFORE(TabelaClean14[[#This Row],[CidadeCPF]]," | ") -> #N/A | L67: =_xlfn.TEXTAFTER(TabelaClean14[[#This Row],[CidadeCPF]]," | ") -> #N/A | M67: 22900 | N67: 65500 | O67: Sim | P67: =IF(AND(TabelaClean14[[#This Row],[credito_tomado]]>50000, TabelaClean14[[#This Row],[flag_inadimplente]]="Sim"), "Reprovado", IF(OR(ISBLANK(TabelaClean14[[#This Row],[credito_tomado]]), ISBLANK(TabelaClean14[[#This Row],[flag_inadimplente]])), "null", "Aprovado")) -> Reprovado | Q67: 40 | R67: {=_xlfn.IFS(TabelaClean14[[#This Row],[qtde_batalhas]]<=10,"Baixo",TabelaClean14[[#This Row],[qtde_batalhas]]>=26,"Alto",TabelaClean14[[#This Row],[qtde_batalhas]]<26,"Médio")} -> Alto | S67: =IF(AND(TabelaClean14[[#This Row],[nivel_risco]]="Alto",TabelaClean14[[#This Row],[flag_inadimplente]]="Sim"),"Arriscado","Ok") -> Arriscado | T67: 95500 | U67: =IF(AND(TabelaClean14[[#This Row],[analise_risco]]="Arriscado",TabelaClean14[[#This Row],[analise_credito]]="Reprovado"),0,IF(TabelaClean14[[#This Row],[status]]="Ativo",TabelaClean14[[#This Row],[valor_solicitado]]*1.08,0)) -> 0 | Y67: null | Z67: =PROPER(Y67) -> Null | AE67: 30500 | AF67: =TEXT(AE67,"000\.000\.000\-00") -> 000.000.305-00 | AH67: Pyke | AJ67: 21900 | AK67: 21900 | AM67: 69000 | AN67: 69000 | AO67: 69000 | AQ67: Winterfell | AZ67: 000.000.222-00 | BA67: Winterfell | BB67: 22900 | BC67: =IF(AND(TabelaClean14[[#This Row],[analise_risco]]="Arriscado",TabelaClean14[[#This Row],[analise_credito]]="Reprovado"),0,IF(TabelaClean14[[#This Row],[status]]="Ativo",TabelaClean14[[#This Row],[valor_solicitado]]*1.08,0)) -> 0
A68: Ativo | B68: Bronn Crakehall | C68: 000.000.295-00 | D68: 68 | E68: 21079 | F68: =TabelaClean14[[#This Row],[CidadeCPF]] -> Atalaia da Água Cinzenta | G68: =TabelaClean14[[#This Row],[RegiaoCPF]] -> Gargalo | H68: =_xlfn.XLOOKUP(TabelaClean14[[#This Row],[cpf]],TabelaDirty[cpfclean],TabelaDirty[cidade]) -> Atalaia da Água Cinzenta | I68: =_xlfn.XLOOKUP(TabelaClean14[[#This Row],[cpf]],TabelaDirty[cpfclean],TabelaDirty[regiao]) -> GARGALO | J68: =PROPER(TabelaClean14[[#This Row],[Coluna1]]) -> Gargalo | K68: =_xlfn.TEXTBEFORE(TabelaClean14[[#This Row],[CidadeCPF]]," | ") -> #N/A | L68: =_xlfn.TEXTAFTER(TabelaClean14[[#This Row],[CidadeCPF]]," | ") -> #N/A | M68: 3600 | N68: 64500 | O68: Sim | P68: =IF(AND(TabelaClean14[[#This Row],[credito_tomado]]>50000, TabelaClean14[[#This Row],[flag_inadimplente]]="Sim"), "Reprovado", IF(OR(ISBLANK(TabelaClean14[[#This Row],[credito_tomado]]), ISBLANK(TabelaClean14[[#This Row],[flag_inadimplente]])), "null", "Aprovado")) -> Reprovado | Q68: 32 | R68: {=_xlfn.IFS(TabelaClean14[[#This Row],[qtde_batalhas]]<=10,"Baixo",TabelaClean14[[#This Row],[qtde_batalhas]]>=26,"Alto",TabelaClean14[[#This Row],[qtde_batalhas]]<26,"Médio")} -> Alto | S68: =IF(AND(TabelaClean14[[#This Row],[nivel_risco]]="Alto",TabelaClean14[[#This Row],[flag_inadimplente]]="Sim"),"Arriscado","Ok") -> Arriscado | T68: 35500 | U68: =IF(AND(TabelaClean14[[#This Row],[analise_risco]]="Arriscado",TabelaClean14[[#This Row],[analise_credito]]="Reprovado"),0,IF(TabelaClean14[[#This Row],[status]]="Ativo",TabelaClean14[[#This Row],[valor_solicitado]]*1.08,0)) -> 0 | Y68: null | Z68: =PROPER(Y68) -> Null | AE68: 31800 | AF68: =TEXT(AE68,"000\.000\.000\-00") -> 000.000.318-00 | AH68: Castelo Negro | Norte | AI68: {=_xlfn.TEXTSPLIT(AH68," | ")} -> #VALUE! | AJ68: 21300 moedas | AK68: 21300 | AL68: Norte | AM68: 62000 | AN68: 62000 | AO68: 62000 | AQ68: Vilavelha | AZ68: 000.000.050-00 | BA68: Vilavelha | BB68: 3600 | BC68: =IF(AND(TabelaClean14[[#This Row],[analise_risco]]="Arriscado",TabelaClean14[[#This Row],[analise_credito]]="Reprovado"),0,IF(TabelaClean14[[#This Row],[status]]="Ativo",TabelaClean14[[#This Row],[valor_solicitado]]*1.08,0)) -> 0
A69: null | B69: Gilly Swyft | C69: 000.000.261-00 | D69: null | E69: 33188 | F69: =TabelaClean14[[#This Row],[CidadeCPF]] -> Braavos | G69: =TabelaClean14[[#This Row],[RegiaoCPF]] -> Essos | H69: =_xlfn.XLOOKUP(TabelaClean14[[#This Row],[cpf]],TabelaDirty[cpfclean],TabelaDirty[cidade]) -> Braavos | I69: =_xlfn.XLOOKUP(TabelaClean14[[#This Row],[cpf]],TabelaDirty[cpfclean],TabelaDirty[regiao]) -> Essos | J69: =PROPER(TabelaClean14[[#This Row],[Coluna1]]) -> Essos | K69: =_xlfn.TEXTBEFORE(TabelaClean14[[#This Row],[CidadeCPF]]," | ") -> #N/A | L69: =_xlfn.TEXTAFTER(TabelaClean14[[#This Row],[CidadeCPF]]," | ") -> #N/A | M69: 29900 | N69: 64500 | O69: Não | P69: =IF(AND(TabelaClean14[[#This Row],[credito_tomado]]>50000, TabelaClean14[[#This Row],[flag_inadimplente]]="Sim"), "Reprovado", IF(OR(ISBLANK(TabelaClean14[[#This Row],[credito_tomado]]), ISBLANK(TabelaClean14[[#This Row],[flag_inadimplente]])), "null", "Aprovado")) -> Aprovado | Q69: 34 | R69: {=_xlfn.IFS(TabelaClean14[[#This Row],[qtde_batalhas]]<=10,"Baixo",TabelaClean14[[#This Row],[qtde_batalhas]]>=26,"Alto",TabelaClean14[[#This Row],[qtde_batalhas]]<26,"Médio")} -> Alto | S69: =IF(AND(TabelaClean14[[#This Row],[nivel_risco]]="Alto",TabelaClean14[[#This Row],[flag_inadimplente]]="Sim"),"Arriscado","Ok") -> Ok | T69: 48500 | U69: =IF(AND(TabelaClean14[[#This Row],[analise_risco]]="Arriscado",TabelaClean14[[#This Row],[analise_credito]]="Reprovado"),0,IF(TabelaClean14[[#This Row],[status]]="Ativo",TabelaClean14[[#This Row],[valor_solicitado]]*1.08,0)) -> 0 | Y69: null | Z69: =PROPER(Y69) -> Null | AE69: 31900 | AF69: =TEXT(AE69,"000\.000\.000\-00") -> 000.000.319-00 | AH69: Braavos | AJ69: 28800 | AK69: 28800 | AN69: null | AO69: null | AQ69: Fosso Cailin | AZ69: 000.000.109-00 | BA69: Fosso Cailin | BB69: 29900 | BC69: =IF(AND(TabelaClean14[[#This Row],[analise_risco]]="Arriscado",TabelaClean14[[#This Row],[analise_credito]]="Reprovado"),0,IF(TabelaClean14[[#This Row],[status]]="Ativo",TabelaClean14[[#This Row],[valor_solicitado]]*1.08,0)) -> 0
A70: Ativo | B70: Renly Mormont | C70: 000.000.376-00 | D70: 57 | E70: 25199 | F70: =TabelaClean14[[#This Row],[CidadeCPF]] -> Vilavelha | G70: =TabelaClean14[[#This Row],[RegiaoCPF]] -> Campina | H70: =_xlfn.XLOOKUP(TabelaClean14[[#This Row],[cpf]],TabelaDirty[cpfclean],TabelaDirty[cidade]) -> Vilavelha | I70: =_xlfn.XLOOKUP(TabelaClean14[[#This Row],[cpf]],TabelaDirty[cpfclean],TabelaDirty[regiao]) -> CAMPINA | J70: =PROPER(TabelaClean14[[#This Row],[Coluna1]]) -> Campina | K70: =_xlfn.TEXTBEFORE(TabelaClean14[[#This Row],[CidadeCPF]]," | ") -> #N/A | L70: =_xlfn.TEXTAFTER(TabelaClean14[[#This Row],[CidadeCPF]]," | ") -> #N/A | M70: 20700 | N70: 64500 | O70: Não | P70: =IF(AND(TabelaClean14[[#This Row],[credito_tomado]]>50000, TabelaClean14[[#This Row],[flag_inadimplente]]="Sim"), "Reprovado", IF(OR(ISBLANK(TabelaClean14[[#This Row],[credito_tomado]]), ISBLANK(TabelaClean14[[#This Row],[flag_inadimplente]])), "null", "Aprovado")) -> Aprovado | Q70: 19 | R70: {=_xlfn.IFS(TabelaClean14[[#This Row],[qtde_batalhas]]<=10,"Baixo",TabelaClean14[[#This Row],[qtde_batalhas]]>=26,"Alto",TabelaClean14[[#This Row],[qtde_batalhas]]<26,"Médio")} -> Médio | S70: =IF(AND(TabelaClean14[[#This Row],[nivel_risco]]="Alto",TabelaClean14[[#This Row],[flag_inadimplente]]="Sim"),"Arriscado","Ok") -> Ok | T70: 54500 | U70: =IF(AND(TabelaClean14[[#This Row],[analise_risco]]="Arriscado",TabelaClean14[[#This Row],[analise_credito]]="Reprovado"),0,IF(TabelaClean14[[#This Row],[status]]="Ativo",TabelaClean14[[#This Row],[valor_solicitado]]*1.08,0)) -> 58860 | Y70: null | Z70: =PROPER(Y70) -> Null | AE70: 32000 | AF70: =TEXT(AE70,"000\.000\.000\-00") -> 000.000.320-00 | AH70: Pyke | AJ70: 7300 | AK70: 7300 | AM70: 74000 moedas | AN70: null | AO70: null | AQ70: Solar do Entardecer | AZ70: 000.000.013-00 | BA70: Solar do Entardecer | BB70: 20700 | BC70: =IF(AND(TabelaClean14[[#This Row],[analise_risco]]="Arriscado",TabelaClean14[[#This Row],[analise_credito]]="Reprovado"),0,IF(TabelaClean14[[#This Row],[status]]="Ativo",TabelaClean14[[#This Row],[valor_solicitado]]*1.08,0)) -> 58860
A71: Ativo | B71: Missandei Glover | C71: 000.000.305-00 | D71: 62 | E71: 23278 | F71: =TabelaClean14[[#This Row],[CidadeCPF]] -> Castelo Negro | G71: =TabelaClean14[[#This Row],[RegiaoCPF]] -> Norte | H71: =_xlfn.XLOOKUP(TabelaClean14[[#This Row],[cpf]],TabelaDirty[cpfclean],TabelaDirty[cidade]) -> Castelo Negro | I71: =_xlfn.XLOOKUP(TabelaClean14[[#This Row],[cpf]],TabelaDirty[cpfclean],TabelaDirty[regiao]) -> Norte | J71: =PROPER(TabelaClean14[[#This Row],[Coluna1]]) -> Norte | K71: =_xlfn.TEXTBEFORE(TabelaClean14[[#This Row],[CidadeCPF]]," | ") -> #N/A | L71: =_xlfn.TEXTAFTER(TabelaClean14[[#This Row],[CidadeCPF]]," | ") -> #N/A | M71: 17000 | N71: 64000 | O71: Sim | P71: =IF(AND(TabelaClean14[[#This Row],[credito_tomado]]>50000, TabelaClean14[[#This Row],[flag_inadimplente]]="Sim"), "Reprovado", IF(OR(ISBLANK(TabelaClean14[[#This Row],[credito_tomado]]), ISBLANK(TabelaClean14[[#This Row],[flag_inadimplente]])), "null", "Aprovado")) -> Reprovado | Q71: 21 | R71: {=_xlfn.IFS(TabelaClean14[[#This Row],[qtde_batalhas]]<=10,"Baixo",TabelaClean14[[#This Row],[qtde_batalhas]]>=26,"Alto",TabelaClean14[[#This Row],[qtde_batalhas]]<26,"Médio")} -> Médio | S71: =IF(AND(TabelaClean14[[#This Row],[nivel_risco]]="Alto",TabelaClean14[[#This Row],[flag_inadimplente]]="Sim"),"Arriscado","Ok") -> Ok | T71: 19000 | U71: =IF(AND(TabelaClean14[[#This Row],[analise_risco]]="Arriscado",TabelaClean14[[#This Row],[analise_credito]]="Reprovado"),0,IF(TabelaClean14[[#This Row],[status]]="Ativo",TabelaClean14[[#This Row],[valor_solicitado]]*1.08,0)) -> 20520 | Y71: null | Z71: =PROPER(Y71) -> Null | AE71: 32500 | AF71: =TEXT(AE71,"000\.000\.000\-00") -> 000.000.325-00 | AH71: Dorne | AJ71: 1900 | AK71: 1900 | AM71: 3500 | AN71: 3500 | AO71: 3500 | AQ71: Braavos | AZ71: 000.000.030-00 | BA71: Braavos | BB71: 17000 | BC71: =IF(AND(TabelaClean14[[#This Row],[analise_risco]]="Arriscado",TabelaClean14[[#This Row],[analise_credito]]="Reprovado"),0,IF(TabelaClean14[[#This Row],[status]]="Ativo",TabelaClean14[[#This Row],[valor_solicitado]]*1.08,0)) -> 20520
A72: Ativo | B72: Catelyn Tarly | C72: 000.000.163-00 | D72: 27 | E72: 36255 | F72: =TabelaClean14[[#This Row],[CidadeCPF]] -> Castelo Negro | G72: =TabelaClean14[[#This Row],[RegiaoCPF]] -> Norte | H72: =_xlfn.XLOOKUP(TabelaClean14[[#This Row],[cpf]],TabelaDirty[cpfclean],TabelaDirty[cidade]) -> Castelo Negro | I72: =_xlfn.XLOOKUP(TabelaClean14[[#This Row],[cpf]],TabelaDirty[cpfclean],TabelaDirty[regiao]) -> Norte | J72: =PROPER(TabelaClean14[[#This Row],[Coluna1]]) -> Norte | K72: =_xlfn.TEXTBEFORE(TabelaClean14[[#This Row],[CidadeCPF]]," | ") -> #N/A | L72: =_xlfn.TEXTAFTER(TabelaClean14[[#This Row],[CidadeCPF]]," | ") -> #N/A | M72: 14000 | N72: 63500 | O72: Não | P72: =IF(AND(TabelaClean14[[#This Row],[credito_tomado]]>50000, TabelaClean14[[#This Row],[flag_inadimplente]]="Sim"), "Reprovado", IF(OR(ISBLANK(TabelaClean14[[#This Row],[credito_tomado]]), ISBLANK(TabelaClean14[[#This Row],[flag_inadimplente]])), "null", "Aprovado")) -> Aprovado | Q72: 24 | R72: {=_xlfn.IFS(TabelaClean14[[#This Row],[qtde_batalhas]]<=10,"Baixo",TabelaClean14[[#This Row],[qtde_batalhas]]>=26,"Alto",TabelaClean14[[#This Row],[qtde_batalhas]]<26,"Médio")} -> Médio | S72: =IF(AND(TabelaClean14[[#This Row],[nivel_risco]]="Alto",TabelaClean14[[#This Row],[flag_inadimplente]]="Sim"),"Arriscado","Ok") -> Ok | T72: 87000 | U72: =IF(AND(TabelaClean14[[#This Row],[analise_risco]]="Arriscado",TabelaClean14[[#This Row],[analise_credito]]="Reprovado"),0,IF(TabelaClean14[[#This Row],[status]]="Ativo",TabelaClean14[[#This Row],[valor_solicitado]]*1.08,0)) -> 93960 | Y72: null | Z72: =PROPER(Y72) -> Null | AE72: 33100 | AF72: =TEXT(AE72,"000\.000\.000\-00") -> 000.000.331-00 | AH72: Ninho da Águia | AJ72: 28200 | AK72: 28200 | AM72: 0 | AN72: 0 | AO72: 0 | AQ72: Castelo Negro | AZ72: 000.000.284-00 | BA72: Castelo Negro | BB72: 14000 | BC72: =IF(AND(TabelaClean14[[#This Row],[analise_risco]]="Arriscado",TabelaClean14[[#This Row],[analise_credito]]="Reprovado"),0,IF(TabelaClean14[[#This Row],[status]]="Ativo",TabelaClean14[[#This Row],[valor_solicitado]]*1.08,0)) -> 93960
A73: Ativo | B73: Varys Blackwood | C73: 000.000.373-00 | D73: 47 | E73: null | F73: =TabelaClean14[[#This Row],[CidadeCPF]] -> Braavos | G73: =TabelaClean14[[#This Row],[RegiaoCPF]] -> Essos | H73: =_xlfn.XLOOKUP(TabelaClean14[[#This Row],[cpf]],TabelaDirty[cpfclean],TabelaDirty[cidade]) -> Braavos | I73: Essos | J73: =PROPER(TabelaClean14[[#This Row],[Coluna1]]) -> Essos | K73: =_xlfn.TEXTBEFORE(TabelaClean14[[#This Row],[CidadeCPF]]," | ") -> #N/A | L73: =_xlfn.TEXTAFTER(TabelaClean14[[#This Row],[CidadeCPF]]," | ") -> #N/A | M73: 11600 | N73: 63500 | O73: Não | P73: =IF(AND(TabelaClean14[[#This Row],[credito_tomado]]>50000, TabelaClean14[[#This Row],[flag_inadimplente]]="Sim"), "Reprovado", IF(OR(ISBLANK(TabelaClean14[[#This Row],[credito_tomado]]), ISBLANK(TabelaClean14[[#This Row],[flag_inadimplente]])), "null", "Aprovado")) -> Aprovado | Q73: 18 | R73: {=_xlfn.IFS(TabelaClean14[[#This Row],[qtde_batalhas]]<=10,"Baixo",TabelaClean14[[#This Row],[qtde_batalhas]]>=26,"Alto",TabelaClean14[[#This Row],[qtde_batalhas]]<26,"Médio")} -> Médio | S73: =IF(AND(TabelaClean14[[#This Row],[nivel_risco]]="Alto",TabelaClean14[[#This Row],[flag_inadimplente]]="Sim"),"Arriscado","Ok") -> Ok | T73: 3000 | U73: =IF(AND(TabelaClean14[[#This Row],[analise_risco]]="Arriscado",TabelaClean14[[#This Row],[analise_credito]]="Reprovado"),0,IF(TabelaClean14[[#This Row],[status]]="Ativo",TabelaClean14[[#This Row],[valor_solicitado]]*1.08,0)) -> 3240 | Y73: null | Z73: =PROPER(Y73) -> Null | AE73: 33700 | AF73: =TEXT(AE73,"000\.000\.000\-00") -> 000.000.337-00 | AH73: Pyke | Ilhas de Ferro | AJ73: 9300 | AK73: 9300 | AM73: 48500 | AN73: 48500 | AO73: 48500 | AQ73: Monte Chifre | AZ73: 000.000.281-00 | BA73: Monte Chifre | BB73: 11600 | BC73: =IF(AND(TabelaClean14[[#This Row],[analise_risco]]="Arriscado",TabelaClean14[[#This Row],[analise_credito]]="Reprovado"),0,IF(TabelaClean14[[#This Row],[status]]="Ativo",TabelaClean14[[#This Row],[valor_solicitado]]*1.08,0)) -> 3240
A74: Ativo | B74: Aegon Frey | C74: 000.000.338-00 | D74: 56 | E74: 25525 | F74: =TabelaClean14[[#This Row],[CidadeCPF]] -> Dorne | G74: =TabelaClean14[[#This Row],[RegiaoCPF]] -> Dorne | H74: =_xlfn.XLOOKUP(TabelaClean14[[#This Row],[cpf]],TabelaDirty[cpfclean],TabelaDirty[cidade]) -> Dorne | I74: =_xlfn.XLOOKUP(TabelaClean14[[#This Row],[cpf]],TabelaDirty[cpfclean],TabelaDirty[regiao]) -> Dorne | J74: =PROPER(TabelaClean14[[#This Row],[Coluna1]]) -> Dorne | K74: =_xlfn.TEXTBEFORE(TabelaClean14[[#This Row],[CidadeCPF]]," | ") -> #N/A | L74: =_xlfn.TEXTAFTER(TabelaClean14[[#This Row],[CidadeCPF]]," | ") -> #N/A | M74: 11100 | N74: 63000 | O74: Não | P74: =IF(AND(TabelaClean14[[#This Row],[credito_tomado]]>50000, TabelaClean14[[#This Row],[flag_inadimplente]]="Sim"), "Reprovado", IF(OR(ISBLANK(TabelaClean14[[#This Row],[credito_tomado]]), ISBLANK(TabelaClean14[[#This Row],[flag_inadimplente]])), "null", "Aprovado")) -> Aprovado | Q74: 0 | R74: {=_xlfn.IFS(TabelaClean14[[#This Row],[qtde_batalhas]]<=10,"Baixo",TabelaClean14[[#This Row],[qtde_batalhas]]>=26,"Alto",TabelaClean14[[#This Row],[qtde_batalhas]]<26,"Médio")} -> Baixo | S74: =IF(AND(TabelaClean14[[#This Row],[nivel_risco]]="Alto",TabelaClean14[[#This Row],[flag_inadimplente]]="Sim"),"Arriscado","Ok") -> Ok | T74: 56000 | U74: =IF(AND(TabelaClean14[[#This Row],[analise_risco]]="Arriscado",TabelaClean14[[#This Row],[analise_credito]]="Reprovado"),0,IF(TabelaClean14[[#This Row],[status]]="Ativo",TabelaClean14[[#This Row],[valor_solicitado]]*1.08,0)) -> 60480 | Y74: null | Z74: =PROPER(Y74) -> Null | AE74: 34400 | AF74: =TEXT(AE74,"000\.000\.000\-00") -> 000.000.344-00 | AH74: Winterfell | AJ74: 10100 | AK74: 10100 | AM74: 55000 | AN74: 55000 | AO74: 55000 | AQ74: Meereen | AZ74: 000.000.234-00 | BA74: Meereen | BB74: 11100 | BC74: =IF(AND(TabelaClean14[[#This Row],[analise_risco]]="Arriscado",TabelaClean14[[#This Row],[analise_credito]]="Reprovado"),0,IF(TabelaClean14[[#This Row],[status]]="Ativo",TabelaClean14[[#This Row],[valor_solicitado]]*1.08,0)) -> 60480
A75: Ativo | B75: Ellaria Redwyne | C75: 000.000.093-00 | D75: 56 | E75: 25551 | F75: =TabelaClean14[[#This Row],[CidadeCPF]] -> Dorne | G75: =TabelaClean14[[#This Row],[RegiaoCPF]] -> Dorne | H75: =_xlfn.XLOOKUP(TabelaClean14[[#This Row],[cpf]],TabelaDirty[cpfclean],TabelaDirty[cidade]) -> Dorne | I75: =_xlfn.XLOOKUP(TabelaClean14[[#This Row],[cpf]],TabelaDirty[cpfclean],TabelaDirty[regiao]) -> Dorne | J75: =PROPER(TabelaClean14[[#This Row],[Coluna1]]) -> Dorne | K75: =_xlfn.TEXTBEFORE(TabelaClean14[[#This Row],[CidadeCPF]]," | ") -> #N/A | L75: =_xlfn.TEXTAFTER(TabelaClean14[[#This Row],[CidadeCPF]]," | ") -> #N/A | M75: 22600 | N75: 63000 | O75: Não | P75: =IF(AND(TabelaClean14[[#This Row],[credito_tomado]]>50000, TabelaClean14[[#This Row],[flag_inadimplente]]="Sim"), "Reprovado", IF(OR(ISBLANK(TabelaClean14[[#This Row],[credito_tomado]]), ISBLANK(TabelaClean14[[#This Row],[flag_inadimplente]])), "null", "Aprovado")) -> Aprovado | Q75: 33 | R75: {=_xlfn.IFS(TabelaClean14[[#This Row],[qtde_batalhas]]<=10,"Baixo",TabelaClean14[[#This Row],[qtde_batalhas]]>=26,"Alto",TabelaClean14[[#This Row],[qtde_batalhas]]<26,"Médio")} -> Alto | S75: =IF(AND(TabelaClean14[[#This Row],[nivel_risco]]="Alto",TabelaClean14[[#This Row],[flag_inadimplente]]="Sim"),"Arriscado","Ok") -> Ok | T75: 53000 | U75: =IF(AND(TabelaClean14[[#This Row],[analise_risco]]="Arriscado",TabelaClean14[[#This Row],[analise_credito]]="Reprovado"),0,IF(TabelaClean14[[#This Row],[status]]="Ativo",TabelaClean14[[#This Row],[valor_solicitado]]*1.08,0)) -> 57240 | Y75: null | Z75: =PROPER(Y75) -> Null | AE75: 34800 | AF75: =TEXT(AE75,"000\.000\.000\-00") -> 000.000.348-00 | AH75: Castelo Negro | AJ75: 29700 | AK75: 29700 | AM75: 22000 | AN75: 22000 | AO75: 22000 | AQ75: Ilha dos Ursos | AZ75: 000.000.228-00 | BA75: Ilha dos Ursos | BB75: 22600 | BC75: =IF(AND(TabelaClean14[[#This Row],[analise_risco]]="Arriscado",TabelaClean14[[#This Row],[analise_credito]]="Reprovado"),0,IF(TabelaClean14[[#This Row],[status]]="Ativo",TabelaClean14[[#This Row],[valor_solicitado]]*1.08,0)) -> 57240
A76: Ativo | B76: Asha Redwyne | C76: 000.000.102-00 | D76: 35 | E76: 33444 | F76: =TabelaClean14[[#This Row],[CidadeCPF]] -> Pedra do Dragão | G76: =TabelaClean14[[#This Row],[RegiaoCPF]] -> Terras Da Coroa | H76: =_xlfn.XLOOKUP(TabelaClean14[[#This Row],[cpf]],TabelaDirty[cpfclean],TabelaDirty[cidade]) -> Pedra do Dragão | I76: =_xlfn.XLOOKUP(TabelaClean14[[#This Row],[cpf]],TabelaDirty[cpfclean],TabelaDirty[regiao]) -> Terras da Coroa | J76: =PROPER(TabelaClean14[[#This Row],[Coluna1]]) -> Terras Da Coroa | K76: =_xlfn.TEXTBEFORE(TabelaClean14[[#This Row],[CidadeCPF]]," | ") -> #N/A | L76: =_xlfn.TEXTAFTER(TabelaClean14[[#This Row],[CidadeCPF]]," | ") -> #N/A | M76: 8400 | N76: 62500 | O76: Não | P76: =IF(AND(TabelaClean14[[#This Row],[credito_tomado]]>50000, TabelaClean14[[#This Row],[flag_inadimplente]]="Sim"), "Reprovado", IF(OR(ISBLANK(TabelaClean14[[#This Row],[credito_tomado]]), ISBLANK(TabelaClean14[[#This Row],[flag_inadimplente]])), "null", "Aprovado")) -> Aprovado | Q76: 31 | R76: {=_xlfn.IFS(TabelaClean14[[#This Row],[qtde_batalhas]]<=10,"Baixo",TabelaClean14[[#This Row],[qtde_batalhas]]>=26,"Alto",TabelaClean14[[#This Row],[qtde_batalhas]]<26,"Médio")} -> Alto | S76: =IF(AND(TabelaClean14[[#This Row],[nivel_risco]]="Alto",TabelaClean14[[#This Row],[flag_inadimplente]]="Sim"),"Arriscado","Ok") -> Ok | T76: 83500 | U76: =IF(AND(TabelaClean14[[#This Row],[analise_risco]]="Arriscado",TabelaClean14[[#This Row],[analise_credito]]="Reprovado"),0,IF(TabelaClean14[[#This Row],[status]]="Ativo",TabelaClean14[[#This Row],[valor_solicitado]]*1.08,0)) -> 90180 | Y76: Norte | Z76: =PROPER(Y76) -> Norte | AE76: 34900 | AF76: =TEXT(AE76,"000\.000\.000\-00") -> 000.000.349-00 | AH76: Jardim de Cima | AJ76: 15000 | AK76: 15000 | AM76: 32500 | AN76: 32500 | AO76: 32500 | AQ76: Ninho da Águia | AZ76: 000.000.310-00 | BA76: Ninho da Águia | BB76: 8400 | BC76: =IF(AND(TabelaClean14[[#This Row],[analise_risco]]="Arriscado",TabelaClean14[[#This Row],[analise_credito]]="Reprovado"),0,IF(TabelaClean14[[#This Row],[status]]="Ativo",TabelaClean14[[#This Row],[valor_solicitado]]*1.08,0)) -> 90180
A77: Ativo | B77: Catelyn Westerling | C77: 000.000.358-00 | D77: 70 | E77: 20515 | F77: =TabelaClean14[[#This Row],[CidadeCPF]] -> Braavos | G77: =TabelaClean14[[#This Row],[RegiaoCPF]] -> Essos | H77: =_xlfn.XLOOKUP(TabelaClean14[[#This Row],[cpf]],TabelaDirty[cpfclean],TabelaDirty[cidade]) -> Braavos | I77: =_xlfn.XLOOKUP(TabelaClean14[[#This Row],[cpf]],TabelaDirty[cpfclean],TabelaDirty[regiao]) -> Essos | J77: =PROPER(TabelaClean14[[#This Row],[Coluna1]]) -> Essos | K77: =_xlfn.TEXTBEFORE(TabelaClean14[[#This Row],[CidadeCPF]]," | ") -> #N/A | L77: =_xlfn.TEXTAFTER(TabelaClean14[[#This Row],[CidadeCPF]]," | ") -> #N/A | M77: 19500 | N77: 62000 | O77: Sim | P77: =IF(AND(TabelaClean14[[#This Row],[credito_tomado]]>50000, TabelaClean14[[#This Row],[flag_inadimplente]]="Sim"), "Reprovado", IF(OR(ISBLANK(TabelaClean14[[#This Row],[credito_tomado]]), ISBLANK(TabelaClean14[[#This Row],[flag_inadimplente]])), "null", "Aprovado")) -> Reprovado | Q77: 45 | R77: {=_xlfn.IFS(TabelaClean14[[#This Row],[qtde_batalhas]]<=10,"Baixo",TabelaClean14[[#This Row],[qtde_batalhas]]>=26,"Alto",TabelaClean14[[#This Row],[qtde_batalhas]]<26,"Médio")} -> Alto | S77: =IF(AND(TabelaClean14[[#This Row],[nivel_risco]]="Alto",TabelaClean14[[#This Row],[flag_inadimplente]]="Sim"),"Arriscado","Ok") -> Arriscado | T77: 35500 | U77: =IF(AND(TabelaClean14[[#This Row],[analise_risco]]="Arriscado",TabelaClean14[[#This Row],[analise_credito]]="Reprovado"),0,IF(TabelaClean14[[#This Row],[status]]="Ativo",TabelaClean14[[#This Row],[valor_solicitado]]*1.08,0)) -> 0 | Y77: null | Z77: =PROPER(Y77) -> Null | AE77: 35000 | AF77: =TEXT(AE77,"000\.000\.000\-00") -> 000.000.350-00 | AH77: Pedra do Dragão | AJ77: 9800 | AK77: 9800 | AM77: 0 | AN77: 0 | AO77: 0 | AQ77: Meereen | AZ77: 000.000.238-00 | BA77: Meereen | BB77: 19500 | BC77: =IF(AND(TabelaClean14[[#This Row],[analise_risco]]="Arriscado",TabelaClean14[[#This Row],[analise_credito]]="Reprovado"),0,IF(TabelaClean14[[#This Row],[status]]="Ativo",TabelaClean14[[#This Row],[valor_solicitado]]*1.08,0)) -> 0
A78: Ativo | B78: Cersei Greyjoy | C78: 000.000.265-00 | D78: 47 | E78: 28841 | F78: =TabelaClean14[[#This Row],[CidadeCPF]] -> Dorne | G78: =TabelaClean14[[#This Row],[RegiaoCPF]] -> Dorne | H78: =_xlfn.XLOOKUP(TabelaClean14[[#This Row],[cpf]],TabelaDirty[cpfclean],TabelaDirty[cidade]) -> Dorne | I78: =_xlfn.XLOOKUP(TabelaClean14[[#This Row],[cpf]],TabelaDirty[cpfclean],TabelaDirty[regiao]) -> Dorne | J78: =PROPER(TabelaClean14[[#This Row],[Coluna1]]) -> Dorne | K78: =_xlfn.TEXTBEFORE(TabelaClean14[[#This Row],[CidadeCPF]]," | ") -> #N/A | L78: =_xlfn.TEXTAFTER(TabelaClean14[[#This Row],[CidadeCPF]]," | ") -> #N/A | M78: 21300 | N78: 62000 | O78: Sim | P78: =IF(AND(TabelaClean14[[#This Row],[credito_tomado]]>50000, TabelaClean14[[#This Row],[flag_inadimplente]]="Sim"), "Reprovado", IF(OR(ISBLANK(TabelaClean14[[#This Row],[credito_tomado]]), ISBLANK(TabelaClean14[[#This Row],[flag_inadimplente]])), "null", "Aprovado")) -> Reprovado | Q78: 37 | R78: {=_xlfn.IFS(TabelaClean14[[#This Row],[qtde_batalhas]]<=10,"Baixo",TabelaClean14[[#This Row],[qtde_batalhas]]>=26,"Alto",TabelaClean14[[#This Row],[qtde_batalhas]]<26,"Médio")} -> Alto | S78: =IF(AND(TabelaClean14[[#This Row],[nivel_risco]]="Alto",TabelaClean14[[#This Row],[flag_inadimplente]]="Sim"),"Arriscado","Ok") -> Arriscado | T78: 92500 | U78: =IF(AND(TabelaClean14[[#This Row],[analise_risco]]="Arriscado",TabelaClean14[[#This Row],[analise_credito]]="Reprovado"),0,IF(TabelaClean14[[#This Row],[status]]="Ativo",TabelaClean14[[#This Row],[valor_solicitado]]*1.08,0)) -> 0 | Y78: null | Z78: =PROPER(Y78) -> Null | AE78: 35200 | AF78: =TEXT(AE78,"000\.000\.000\-00") -> 000.000.352-00 | AH78: Winterfell | AJ78: 16300 | AK78: 16300 | AN78: null | AO78: null | AQ78: Dorne | AZ78: 000.000.291-00 | BA78: Dorne | BB78: 21300 | BC78: =IF(AND(TabelaClean14[[#This Row],[analise_risco]]="Arriscado",TabelaClean14[[#This Row],[analise_credito]]="Reprovado"),0,IF(TabelaClean14[[#This Row],[status]]="Ativo",TabelaClean14[[#This Row],[valor_solicitado]]*1.08,0)) -> 0
A79: Ativo | B79: Stannis Greyjoy | C79: 000.000.236-00 | D79: 69 | E79: 20943 | F79: =TabelaClean14[[#This Row],[CidadeClean]] -> Pedra do Dragão | G79: =TabelaClean14[[#This Row],[RegiaoClean]] -> Terras da Coroa | H79: =_xlfn.XLOOKUP(TabelaClean14[[#This Row],[cpf]],TabelaDirty[cpfclean],TabelaDirty[cidade]) -> Pedra do Dragão | Terras da Coroa | I79: =_xlfn.XLOOKUP(TabelaClean14[[#This Row],[cpf]],TabelaDirty[cpfclean],TabelaDirty[regiao]) -> 0 | J79: Terras da Coroa | K79: =_xlfn.TEXTBEFORE(TabelaClean14[[#This Row],[CidadeCPF]]," | ") -> Pedra do Dragão | L79: =_xlfn.TEXTAFTER(TabelaClean14[[#This Row],[CidadeCPF]]," | ") -> Terras da Coroa | M79: 13800 | N79: 62000 | O79: Não | P79: =IF(AND(TabelaClean14[[#This Row],[credito_tomado]]>50000, TabelaClean14[[#This Row],[flag_inadimplente]]="Sim"), "Reprovado", IF(OR(ISBLANK(TabelaClean14[[#This Row],[credito_tomado]]), ISBLANK(TabelaClean14[[#This Row],[flag_inadimplente]])), "null", "Aprovado")) -> Aprovado | Q79: 31 | R79: {=_xlfn.IFS(TabelaClean14[[#This Row],[qtde_batalhas]]<=10,"Baixo",TabelaClean14[[#This Row],[qtde_batalhas]]>=26,"Alto",TabelaClean14[[#This Row],[qtde_batalhas]]<26,"Médio")} -> Alto | S79: =IF(AND(TabelaClean14[[#This Row],[nivel_risco]]="Alto",TabelaClean14[[#This Row],[flag_inadimplente]]="Sim"),"Arriscado","Ok") -> Ok | T79: 60500 | U79: =IF(AND(TabelaClean14[[#This Row],[analise_risco]]="Arriscado",TabelaClean14[[#This Row],[analise_credito]]="Reprovado"),0,IF(TabelaClean14[[#This Row],[status]]="Ativo",TabelaClean14[[#This Row],[valor_solicitado]]*1.08,0)) -> 65340 | Y79: null | Z79: =PROPER(Y79) -> Null | AE79: 35800 | AF79: =TEXT(AE79,"000\.000\.000\-00") -> 000.000.358-00 | AH79: Ninho da Águia | AJ79: 29700 | AK79: 29700 | AM79: 34000 | AN79: 34000 | AO79: 34000 | AQ79: Pedra do Dragão | AZ79: 000.000.363-00 | BA79: Pedra do Dragão | BB79: 13800 | BC79: =IF(AND(TabelaClean14[[#This Row],[analise_risco]]="Arriscado",TabelaClean14[[#This Row],[analise_credito]]="Reprovado"),0,IF(TabelaClean14[[#This Row],[status]]="Ativo",TabelaClean14[[#This Row],[valor_solicitado]]*1.08,0)) -> 65340
A80: Ativo | B80: Bronn Blackwood | C80: 000.000.052-00 | D80: 43 | E80: 30309 | F80: =TabelaClean14[[#This Row],[CidadeCPF]] -> Atalaia da Água Cinzenta | G80: =TabelaClean14[[#This Row],[RegiaoCPF]] -> Gargalo | H80: =_xlfn.XLOOKUP(TabelaClean14[[#This Row],[cpf]],TabelaDirty[cpfclean],TabelaDirty[cidade]) -> Atalaia da Água Cinzenta | I80: =_xlfn.XLOOKUP(TabelaClean14[[#This Row],[cpf]],TabelaDirty[cpfclean],TabelaDirty[regiao]) -> gargalo | J80: =PROPER(TabelaClean14[[#This Row],[Coluna1]]) -> Gargalo | K80: =_xlfn.TEXTBEFORE(TabelaClean14[[#This Row],[CidadeCPF]]," | ") -> #N/A | L80: =_xlfn.TEXTAFTER(TabelaClean14[[#This Row],[CidadeCPF]]," | ") -> #N/A | M80: 18400 | N80: 62000 | O80: Não | P80: =IF(AND(TabelaClean14[[#This Row],[credito_tomado]]>50000, TabelaClean14[[#This Row],[flag_inadimplente]]="Sim"), "Reprovado", IF(OR(ISBLANK(TabelaClean14[[#This Row],[credito_tomado]]), ISBLANK(TabelaClean14[[#This Row],[flag_inadimplente]])), "null", "Aprovado")) -> Aprovado | Q80: 33 | R80: {=_xlfn.IFS(TabelaClean14[[#This Row],[qtde_batalhas]]<=10,"Baixo",TabelaClean14[[#This Row],[qtde_batalhas]]>=26,"Alto",TabelaClean14[[#This Row],[qtde_batalhas]]<26,"Médio")} -> Alto | S80: =IF(AND(TabelaClean14[[#This Row],[nivel_risco]]="Alto",TabelaClean14[[#This Row],[flag_inadimplente]]="Sim"),"Arriscado","Ok") -> Ok | T80: 31000 | U80: =IF(AND(TabelaClean14[[#This Row],[analise_risco]]="Arriscado",TabelaClean14[[#This Row],[analise_credito]]="Reprovado"),0,IF(TabelaClean14[[#This Row],[status]]="Ativo",TabelaClean14[[#This Row],[valor_solicitado]]*1.08,0)) -> 33480 | Y80: Dorne | Z80: =PROPER(Y80) -> Dorne | AE80: 36100 | AF80: =TEXT(AE80,"000\.000\.000\-00") -> 000.000.361-00 | AH80: Pedra do Dragão | AJ80: 15800 | AK80: 15800 | AM80: N/A | AN80: null | AO80: null | AQ80: Lannisporto | AZ80: 000.000.243-00 | BA80: Lannisporto | BB80: 18400 | BC80: =IF(AND(TabelaClean14[[#This Row],[analise_risco]]="Arriscado",TabelaClean14[[#This Row],[analise_credito]]="Reprovado"),0,IF(TabelaClean14[[#This Row],[status]]="Ativo",TabelaClean14[[#This Row],[valor_solicitado]]*1.08,0)) -> 33480
A81: Ativo | B81: Rhaegar Hornwood | C81: 000.000.178-00 | D81: 30 | E81: 35109 | F81: =TabelaClean14[[#This Row],[CidadeCPF]] -> Ponta Tempestade | G81: =TabelaClean14[[#This Row],[RegiaoCPF]] -> Terras Da Tempestade | H81: =_xlfn.XLOOKUP(TabelaClean14[[#This Row],[cpf]],TabelaDirty[cpfclean],TabelaDirty[cidade]) -> Ponta Tempestade | I81: =_xlfn.XLOOKUP(TabelaClean14[[#This Row],[cpf]],TabelaDirty[cpfclean],TabelaDirty[regiao]) -> TERRAS DA TEMPESTADE | J81: =PROPER(TabelaClean14[[#This Row],[Coluna1]]) -> Terras Da Tempestade | K81: =_xlfn.TEXTBEFORE(TabelaClean14[[#This Row],[CidadeCPF]]," | ") -> #N/A | L81: =_xlfn.TEXTAFTER(TabelaClean14[[#This Row],[CidadeCPF]]," | ") -> #N/A | M81: 2600 | N81: 62000 | O81: Não | P81: =IF(AND(TabelaClean14[[#This Row],[credito_tomado]]>50000, TabelaClean14[[#This Row],[flag_inadimplente]]="Sim"), "Reprovado", IF(OR(ISBLANK(TabelaClean14[[#This Row],[credito_tomado]]), ISBLANK(TabelaClean14[[#This Row],[flag_inadimplente]])), "null", "Aprovado")) -> Aprovado | Q81: 22 | R81: {=_xlfn.IFS(TabelaClean14[[#This Row],[qtde_batalhas]]<=10,"Baixo",TabelaClean14[[#This Row],[qtde_batalhas]]>=26,"Alto",TabelaClean14[[#This Row],[qtde_batalhas]]<26,"Médio")} -> Médio | S81: =IF(AND(TabelaClean14[[#This Row],[nivel_risco]]="Alto",TabelaClean14[[#This Row],[flag_inadimplente]]="Sim"),"Arriscado","Ok") -> Ok | T81: 62000 | U81: =IF(AND(TabelaClean14[[#This Row],[analise_risco]]="Arriscado",TabelaClean14[[#This Row],[analise_credito]]="Reprovado"),0,IF(TabelaClean14[[#This Row],[status]]="Ativo",TabelaClean14[[#This Row],[valor_solicitado]]*1.08,0)) -> 66960 | Y81: null | Z81: =PROPER(Y81) -> Null | AE81: 36900 | AF81: =TEXT(AE81,"000\.000\.000\-00") -> 000.000.369-00 | AH81: Solar do Entardecer | AJ81: 29200 | AK81: 29200 | AM81: 45000 | AN81: 45000 | AO81: 45000 | AQ81: Ninho da Águia | AZ81: 000.000.218-00 | BA81: Ninho da Águia | BB81: 2600 | BC81: =IF(AND(TabelaClean14[[#This Row],[analise_risco]]="Arriscado",TabelaClean14[[#This Row],[analise_credito]]="Reprovado"),0,IF(TabelaClean14[[#This Row],[status]]="Ativo",TabelaClean14[[#This Row],[valor_solicitado]]*1.08,0)) -> 66960
A82: Inativo | B82: Theon Tarth | C82: 000.000.289-00 | D82: 74 | E82: 19073 | F82: =TabelaClean14[[#This Row],[CidadeCPF]] -> Lannisporto | G82: =TabelaClean14[[#This Row],[RegiaoCPF]] -> Oeste | H82: =_xlfn.XLOOKUP(TabelaClean14[[#This Row],[cpf]],TabelaDirty[cpfclean],TabelaDirty[cidade]) -> Lannisporto | I82: Oeste | J82: =PROPER(TabelaClean14[[#This Row],[Coluna1]]) -> Oeste | K82: =_xlfn.TEXTBEFORE(TabelaClean14[[#This Row],[CidadeCPF]]," | ") -> #N/A | L82: =_xlfn.TEXTAFTER(TabelaClean14[[#This Row],[CidadeCPF]]," | ") -> #N/A | M82: 7100 | N82: 61500 | O82: Não | P82: =IF(AND(TabelaClean14[[#This Row],[credito_tomado]]>50000, TabelaClean14[[#This Row],[flag_inadimplente]]="Sim"), "Reprovado", IF(OR(ISBLANK(TabelaClean14[[#This Row],[credito_tomado]]), ISBLANK(TabelaClean14[[#This Row],[flag_inadimplente]])), "null", "Aprovado")) -> Aprovado | Q82: 1 | R82: {=_xlfn.IFS(TabelaClean14[[#This Row],[qtde_batalhas]]<=10,"Baixo",TabelaClean14[[#This Row],[qtde_batalhas]]>=26,"Alto",TabelaClean14[[#This Row],[qtde_batalhas]]<26,"Médio")} -> Baixo | S82: =IF(AND(TabelaClean14[[#This Row],[nivel_risco]]="Alto",TabelaClean14[[#This Row],[flag_inadimplente]]="Sim"),"Arriscado","Ok") -> Ok | T82: 50500 | U82: =IF(AND(TabelaClean14[[#This Row],[analise_risco]]="Arriscado",TabelaClean14[[#This Row],[analise_credito]]="Reprovado"),0,IF(TabelaClean14[[#This Row],[status]]="Ativo",TabelaClean14[[#This Row],[valor_solicitado]]*1.08,0)) -> 0 | Y82: Norte | Z82: =PROPER(Y82) -> Norte | AE82: 37000 | AF82: =TEXT(AE82,"000\.000\.000\-00") -> 000.000.370-00 | AH82: Meereen | AJ82: 22500 | AK82: 22500 | AM82: 55500 | AN82: 55500 | AO82: 55500 | AQ82: Ninho da Águia | AZ82: 000.000.293-00 | BA82: Ninho da Águia | BB82: 7100 | BC82: =IF(AND(TabelaClean14[[#This Row],[analise_risco]]="Arriscado",TabelaClean14[[#This Row],[analise_credito]]="Reprovado"),0,IF(TabelaClean14[[#This Row],[status]]="Ativo",TabelaClean14[[#This Row],[valor_solicitado]]*1.08,0)) -> 0
A83: Ativo | B83: Shae Frey | C83: 000.000.127-00 | D83: 26 | E83: 36518 | F83: =TabelaClean14[[#This Row],[CidadeCPF]] -> Ilha dos Ursos | G83: =TabelaClean14[[#This Row],[RegiaoCPF]] -> Norte | H83: =_xlfn.XLOOKUP(TabelaClean14[[#This Row],[cpf]],TabelaDirty[cpfclean],TabelaDirty[cidade]) -> Ilha dos Ursos | I83: =_xlfn.XLOOKUP(TabelaClean14[[#This Row],[cpf]],TabelaDirty[cpfclean],TabelaDirty[regiao]) -> Norte | J83: =PROPER(TabelaClean14[[#This Row],[Coluna1]]) -> Norte | K83: =_xlfn.TEXTBEFORE(TabelaClean14[[#This Row],[CidadeCPF]]," | ") -> #N/A | L83: =_xlfn.TEXTAFTER(TabelaClean14[[#This Row],[CidadeCPF]]," | ") -> #N/A | M83: 5000 | N83: 61500 | O83: Não | P83: =IF(AND(TabelaClean14[[#This Row],[credito_tomado]]>50000, TabelaClean14[[#This Row],[flag_inadimplente]]="Sim"), "Reprovado", IF(OR(ISBLANK(TabelaClean14[[#This Row],[credito_tomado]]), ISBLANK(TabelaClean14[[#This Row],[flag_inadimplente]])), "null", "Aprovado")) -> Aprovado | Q83: 35 | R83: {=_xlfn.IFS(TabelaClean14[[#This Row],[qtde_batalhas]]<=10,"Baixo",TabelaClean14[[#This Row],[qtde_batalhas]]>=26,"Alto",TabelaClean14[[#This Row],[qtde_batalhas]]<26,"Médio")} -> Alto | S83: =IF(AND(TabelaClean14[[#This Row],[nivel_risco]]="Alto",TabelaClean14[[#This Row],[flag_inadimplente]]="Sim"),"Arriscado","Ok") -> Ok | T83: 18500 | U83: =IF(AND(TabelaClean14[[#This Row],[analise_risco]]="Arriscado",TabelaClean14[[#This Row],[analise_credito]]="Reprovado"),0,IF(TabelaClean14[[#This Row],[status]]="Ativo",TabelaClean14[[#This Row],[valor_solicitado]]*1.08,0)) -> 19980 | Y83: null | Z83: =PROPER(Y83) -> Null | AE83: 37700 | AF83: =TEXT(AE83,"000\.000\.000\-00") -> 000.000.377-00 | AH83: Ilha dos Ursos | AJ83: sem renda | AK83: 0 | AN83: null | AO83: null | AQ83: Ilha dos Ursos | AZ83: 000.000.147-00 | BA83: Ilha dos Ursos | BB83: 5000 | BC83: =IF(AND(TabelaClean14[[#This Row],[analise_risco]]="Arriscado",TabelaClean14[[#This Row],[analise_credito]]="Reprovado"),0,IF(TabelaClean14[[#This Row],[status]]="Ativo",TabelaClean14[[#This Row],[valor_solicitado]]*1.08,0)) -> 19980
